feature_id,dose,train_source,model,text_id,duplicate_group,source,mse
1645,-0.1,pooled,nuisance,1506,1506,fineweb-edu-sample,0.00010488719164240332
1645,-0.1,pooled,nuisance,1760,1760,fineweb-edu-sample,0.0007746596344477275
1645,-0.1,pooled,nuisance,2145,2145,fineweb-edu-sample,0.001666146637182213
1645,-0.1,pooled,nuisance,3039,3039,fineweb-edu-sample,3.956678551397704e-05
1645,-0.1,pooled,nuisance,3941,3941,fineweb-edu-sample,0.00030860637916159476
1645,-0.1,pooled,nuisance,4577,4577,fineweb-edu-sample,0.0052901680266303755
1645,-0.1,pooled,nuisance,4759,4759,fineweb-edu-sample,0.002090273218323176
1645,-0.1,pooled,nuisance,5639,5639,fineweb-edu-sample,0.00028326817063478737
1645,-0.1,pooled,nuisance,6331,6331,wikimedia-en,0.0005400366100005283
1645,-0.1,pooled,nuisance,6355,6355,wikimedia-en,0.0004933456222672418
1645,-0.1,pooled,nuisance,6924,6924,wikimedia-en,0.0005862428921906967
1645,-0.1,pooled,nuisance,10203,10203,wikimedia-en,0.00043041159168223533
1645,-0.1,pooled,nuisance,10223,10223,wikimedia-en,0.0047819966216898265
1645,-0.1,pooled,nuisance,11372,11372,wikimedia-en,0.00048143276849404234
1645,-0.1,pooled,nuisance,11751,11751,wikimedia-en,0.0022867650373439947
1645,-0.1,pooled,nuisance,11822,11822,wikimedia-en,0.0005202873664426496
1645,-0.1,pooled,context,1506,1506,fineweb-edu-sample,0.00010907702105602366
1645,-0.1,pooled,context,1760,1760,fineweb-edu-sample,0.0006433790538906859
1645,-0.1,pooled,context,2145,2145,fineweb-edu-sample,0.0017410138413078134
1645,-0.1,pooled,context,3039,3039,fineweb-edu-sample,5.3231749725884205e-05
1645,-0.1,pooled,context,3941,3941,fineweb-edu-sample,0.00034339882816927304
1645,-0.1,pooled,context,4577,4577,fineweb-edu-sample,0.005268501889713261
1645,-0.1,pooled,context,4759,4759,fineweb-edu-sample,0.002159870813403905
1645,-0.1,pooled,context,5639,5639,fineweb-edu-sample,0.00027833954166943457
1645,-0.1,pooled,context,6331,6331,wikimedia-en,0.000569746062649898
1645,-0.1,pooled,context,6355,6355,wikimedia-en,0.0005275402524843887
1645,-0.1,pooled,context,6924,6924,wikimedia-en,0.0005797637505844912
1645,-0.1,pooled,context,10203,10203,wikimedia-en,0.00041028679178884976
1645,-0.1,pooled,context,10223,10223,wikimedia-en,0.004808276855010181
1645,-0.1,pooled,context,11372,11372,wikimedia-en,0.0004687652013543635
1645,-0.1,pooled,context,11751,11751,wikimedia-en,0.002232260653282351
1645,-0.1,pooled,context,11822,11822,wikimedia-en,0.0005664988859581694
1645,-0.1,pooled,pc8_context,1506,1506,fineweb-edu-sample,4.698916171219824e-05
1645,-0.1,pooled,pc8_context,1760,1760,fineweb-edu-sample,0.00015104049676020875
1645,-0.1,pooled,pc8_context,2145,2145,fineweb-edu-sample,0.0009580198884422519
1645,-0.1,pooled,pc8_context,3039,3039,fineweb-edu-sample,0.000123468726955157
1645,-0.1,pooled,pc8_context,3941,3941,fineweb-edu-sample,0.0003447889607433769
1645,-0.1,pooled,pc8_context,4577,4577,fineweb-edu-sample,0.004272038867080355
1645,-0.1,pooled,pc8_context,4759,4759,fineweb-edu-sample,0.001853012207982545
1645,-0.1,pooled,pc8_context,5639,5639,fineweb-edu-sample,0.0002739399222226944
1645,-0.1,pooled,pc8_context,6331,6331,wikimedia-en,0.000972682096647603
1645,-0.1,pooled,pc8_context,6355,6355,wikimedia-en,0.00015257023081721187
1645,-0.1,pooled,pc8_context,6924,6924,wikimedia-en,0.001212573453369454
1645,-0.1,pooled,pc8_context,10203,10203,wikimedia-en,0.0004109663488991541
1645,-0.1,pooled,pc8_context,10223,10223,wikimedia-en,0.006249960035480553
1645,-0.1,pooled,pc8_context,11372,11372,wikimedia-en,0.0003882781520973972
1645,-0.1,pooled,pc8_context,11751,11751,wikimedia-en,0.001505792310360563
1645,-0.1,pooled,pc8_context,11822,11822,wikimedia-en,0.0011480830216803175
1645,-0.1,pooled,scalar_gain,1506,1506,fineweb-edu-sample,0.00033577725850517196
1645,-0.1,pooled,scalar_gain,1760,1760,fineweb-edu-sample,0.0006236813769250858
1645,-0.1,pooled,scalar_gain,2145,2145,fineweb-edu-sample,0.001446831194195606
1645,-0.1,pooled,scalar_gain,3039,3039,fineweb-edu-sample,0.00010910346730489217
1645,-0.1,pooled,scalar_gain,3941,3941,fineweb-edu-sample,0.00037188574497550036
1645,-0.1,pooled,scalar_gain,4577,4577,fineweb-edu-sample,0.00806701237363272
1645,-0.1,pooled,scalar_gain,4759,4759,fineweb-edu-sample,0.001293225913867357
1645,-0.1,pooled,scalar_gain,5639,5639,fineweb-edu-sample,0.0007344747208573241
1645,-0.1,pooled,scalar_gain,6331,6331,wikimedia-en,0.0006325676801994652
1645,-0.1,pooled,scalar_gain,6355,6355,wikimedia-en,0.0004576040260220659
1645,-0.1,pooled,scalar_gain,6924,6924,wikimedia-en,1.011976638306613e-05
1645,-0.1,pooled,scalar_gain,10203,10203,wikimedia-en,0.00041735372500799816
1645,-0.1,pooled,scalar_gain,10223,10223,wikimedia-en,0.004666360212348838
1645,-0.1,pooled,scalar_gain,11372,11372,wikimedia-en,0.00038303574604282067
1645,-0.1,pooled,scalar_gain,11751,11751,wikimedia-en,0.002211025352341913
1645,-0.1,pooled,scalar_gain,11822,11822,wikimedia-en,0.00041134258067309444
1645,-0.1,pooled,pc8_only,1506,1506,fineweb-edu-sample,4.8476510780167926e-05
1645,-0.1,pooled,pc8_only,1760,1760,fineweb-edu-sample,0.00020082982250954018
1645,-0.1,pooled,pc8_only,2145,2145,fineweb-edu-sample,0.0008942339076738362
1645,-0.1,pooled,pc8_only,3039,3039,fineweb-edu-sample,9.111841701523555e-05
1645,-0.1,pooled,pc8_only,3941,3941,fineweb-edu-sample,0.00020793646671788345
1645,-0.1,pooled,pc8_only,4577,4577,fineweb-edu-sample,0.004229511119823514
1645,-0.1,pooled,pc8_only,4759,4759,fineweb-edu-sample,0.0017497392647901227
1645,-0.1,pooled,pc8_only,5639,5639,fineweb-edu-sample,0.00024074259418806985
1645,-0.1,pooled,pc8_only,6331,6331,wikimedia-en,0.0009551779723188146
1645,-0.1,pooled,pc8_only,6355,6355,wikimedia-en,0.00014118975818839144
1645,-0.1,pooled,pc8_only,6924,6924,wikimedia-en,0.0010721342518289095
1645,-0.1,pooled,pc8_only,10203,10203,wikimedia-en,0.0004640081147498008
1645,-0.1,pooled,pc8_only,10223,10223,wikimedia-en,0.0060711745397746975
1645,-0.1,pooled,pc8_only,11372,11372,wikimedia-en,0.00037109088382904703
1645,-0.1,pooled,pc8_only,11751,11751,wikimedia-en,0.0015462884096946546
1645,-0.1,pooled,pc8_only,11822,11822,wikimedia-en,0.0011052508131762016
1645,-0.1,fineweb-edu-sample,nuisance,6331,6331,wikimedia-en,0.0006697868028578342
1645,-0.1,fineweb-edu-sample,nuisance,6355,6355,wikimedia-en,6.472243609733371e-05
1645,-0.1,fineweb-edu-sample,nuisance,6924,6924,wikimedia-en,0.000981322790007372
1645,-0.1,fineweb-edu-sample,nuisance,10203,10203,wikimedia-en,0.00036016612323939295
1645,-0.1,fineweb-edu-sample,nuisance,10223,10223,wikimedia-en,0.0032574210172584047
1645,-0.1,fineweb-edu-sample,nuisance,11372,11372,wikimedia-en,0.0008605881902735017
1645,-0.1,fineweb-edu-sample,nuisance,11751,11751,wikimedia-en,0.0005683386098886258
1645,-0.1,fineweb-edu-sample,nuisance,11822,11822,wikimedia-en,4.305964347431552e-05
1645,-0.1,fineweb-edu-sample,context,6331,6331,wikimedia-en,0.0006539014591526126
1645,-0.1,fineweb-edu-sample,context,6355,6355,wikimedia-en,5.2731930298674515e-05
1645,-0.1,fineweb-edu-sample,context,6924,6924,wikimedia-en,0.001039439040745681
1645,-0.1,fineweb-edu-sample,context,10203,10203,wikimedia-en,0.00038305843850000175
1645,-0.1,fineweb-edu-sample,context,10223,10223,wikimedia-en,0.003246008982087073
1645,-0.1,fineweb-edu-sample,context,11372,11372,wikimedia-en,0.0010867576348313037
1645,-0.1,fineweb-edu-sample,context,11751,11751,wikimedia-en,0.0005009594582167527
1645,-0.1,fineweb-edu-sample,context,11822,11822,wikimedia-en,5.4039736256101925e-05
1645,-0.1,fineweb-edu-sample,pc8_context,6331,6331,wikimedia-en,0.00019889850691732193
1645,-0.1,fineweb-edu-sample,pc8_context,6355,6355,wikimedia-en,5.128790796275537e-05
1645,-0.1,fineweb-edu-sample,pc8_context,6924,6924,wikimedia-en,0.0016346370219513311
1645,-0.1,fineweb-edu-sample,pc8_context,10203,10203,wikimedia-en,0.0011786837706331005
1645,-0.1,fineweb-edu-sample,pc8_context,10223,10223,wikimedia-en,0.0030842010769205445
1645,-0.1,fineweb-edu-sample,pc8_context,11372,11372,wikimedia-en,0.0020396293914438477
1645,-0.1,fineweb-edu-sample,pc8_context,11751,11751,wikimedia-en,0.000334594076542353
1645,-0.1,fineweb-edu-sample,pc8_context,11822,11822,wikimedia-en,2.5664116575859633e-05
1645,-0.1,fineweb-edu-sample,scalar_gain,6331,6331,wikimedia-en,0.0006835606907486561
1645,-0.1,fineweb-edu-sample,scalar_gain,6355,6355,wikimedia-en,0.000113965737616781
1645,-0.1,fineweb-edu-sample,scalar_gain,6924,6924,wikimedia-en,0.000951343074982163
1645,-0.1,fineweb-edu-sample,scalar_gain,10203,10203,wikimedia-en,0.00039340334949416024
1645,-0.1,fineweb-edu-sample,scalar_gain,10223,10223,wikimedia-en,0.0031981430149509186
1645,-0.1,fineweb-edu-sample,scalar_gain,11372,11372,wikimedia-en,0.0006957056268325114
1645,-0.1,fineweb-edu-sample,scalar_gain,11751,11751,wikimedia-en,0.0006130173472718876
1645,-0.1,fineweb-edu-sample,scalar_gain,11822,11822,wikimedia-en,0.00010622755626687199
1645,-0.1,fineweb-edu-sample,pc8_only,6331,6331,wikimedia-en,0.0002520011097132079
1645,-0.1,fineweb-edu-sample,pc8_only,6355,6355,wikimedia-en,9.819112546666727e-05
1645,-0.1,fineweb-edu-sample,pc8_only,6924,6924,wikimedia-en,0.0016477171844832034
1645,-0.1,fineweb-edu-sample,pc8_only,10203,10203,wikimedia-en,0.0012335269421713591
1645,-0.1,fineweb-edu-sample,pc8_only,10223,10223,wikimedia-en,0.00313238819843967
1645,-0.1,fineweb-edu-sample,pc8_only,11372,11372,wikimedia-en,0.0018339045841878096
1645,-0.1,fineweb-edu-sample,pc8_only,11751,11751,wikimedia-en,0.0004041309291077813
1645,-0.1,fineweb-edu-sample,pc8_only,11822,11822,wikimedia-en,3.5837282961540825e-05
1645,-0.1,wikimedia-en,nuisance,1506,1506,fineweb-edu-sample,9.211243946065724e-05
1645,-0.1,wikimedia-en,nuisance,1760,1760,fineweb-edu-sample,0.0009731747894833839
1645,-0.1,wikimedia-en,nuisance,2145,2145,fineweb-edu-sample,0.0012143880990136977
1645,-0.1,wikimedia-en,nuisance,3039,3039,fineweb-edu-sample,0.00015433227587754672
1645,-0.1,wikimedia-en,nuisance,3941,3941,fineweb-edu-sample,0.00048554521953418563
1645,-0.1,wikimedia-en,nuisance,4577,4577,fineweb-edu-sample,0.008288620452233407
1645,-0.1,wikimedia-en,nuisance,4759,4759,fineweb-edu-sample,0.0003080214347792157
1645,-0.1,wikimedia-en,nuisance,5639,5639,fineweb-edu-sample,0.0004202554026232091
1645,-0.1,wikimedia-en,context,1506,1506,fineweb-edu-sample,0.00010751422198909315
1645,-0.1,wikimedia-en,context,1760,1760,fineweb-edu-sample,0.000925622259378062
1645,-0.1,wikimedia-en,context,2145,2145,fineweb-edu-sample,0.0012889043602934585
1645,-0.1,wikimedia-en,context,3039,3039,fineweb-edu-sample,0.0001424971955079378
1645,-0.1,wikimedia-en,context,3941,3941,fineweb-edu-sample,0.0005831304212223279
1645,-0.1,wikimedia-en,context,4577,4577,fineweb-edu-sample,0.008308551073235563
1645,-0.1,wikimedia-en,context,4759,4759,fineweb-edu-sample,0.00032432658186338093
1645,-0.1,wikimedia-en,context,5639,5639,fineweb-edu-sample,0.0004670985916989609
1645,-0.1,wikimedia-en,pc8_context,1506,1506,fineweb-edu-sample,0.0001810953201747549
1645,-0.1,wikimedia-en,pc8_context,1760,1760,fineweb-edu-sample,0.0002345914660668265
1645,-0.1,wikimedia-en,pc8_context,2145,2145,fineweb-edu-sample,0.0015195391372238693
1645,-0.1,wikimedia-en,pc8_context,3039,3039,fineweb-edu-sample,0.0001018057383669369
1645,-0.1,wikimedia-en,pc8_context,3941,3941,fineweb-edu-sample,0.0010382044572902044
1645,-0.1,wikimedia-en,pc8_context,4577,4577,fineweb-edu-sample,0.011999134408327608
1645,-0.1,wikimedia-en,pc8_context,4759,4759,fineweb-edu-sample,0.0001505310751238456
1645,-0.1,wikimedia-en,pc8_context,5639,5639,fineweb-edu-sample,0.001001742118914989
1645,-0.1,wikimedia-en,scalar_gain,1506,1506,fineweb-edu-sample,8.487571174030581e-05
1645,-0.1,wikimedia-en,scalar_gain,1760,1760,fineweb-edu-sample,0.0008813620612308687
1645,-0.1,wikimedia-en,scalar_gain,2145,2145,fineweb-edu-sample,0.0016111362630161338
1645,-0.1,wikimedia-en,scalar_gain,3039,3039,fineweb-edu-sample,2.8195684517739383e-05
1645,-0.1,wikimedia-en,scalar_gain,3941,3941,fineweb-edu-sample,0.0010067450150916812
1645,-0.1,wikimedia-en,scalar_gain,4577,4577,fineweb-edu-sample,0.009152803811267684
1645,-0.1,wikimedia-en,scalar_gain,4759,4759,fineweb-edu-sample,0.00045505748614319116
1645,-0.1,wikimedia-en,scalar_gain,5639,5639,fineweb-edu-sample,0.00038312865027038403
1645,-0.1,wikimedia-en,pc8_only,1506,1506,fineweb-edu-sample,0.0001937622721452788
1645,-0.1,wikimedia-en,pc8_only,1760,1760,fineweb-edu-sample,0.00023883186577543575
1645,-0.1,wikimedia-en,pc8_only,2145,2145,fineweb-edu-sample,0.001512429925273168
1645,-0.1,wikimedia-en,pc8_only,3039,3039,fineweb-edu-sample,9.666056774863328e-05
1645,-0.1,wikimedia-en,pc8_only,3941,3941,fineweb-edu-sample,0.0010209666896042163
1645,-0.1,wikimedia-en,pc8_only,4577,4577,fineweb-edu-sample,0.01197859080081097
1645,-0.1,wikimedia-en,pc8_only,4759,4759,fineweb-edu-sample,0.00011383948926205241
1645,-0.1,wikimedia-en,pc8_only,5639,5639,fineweb-edu-sample,0.001076174278177124
1645,0.1,pooled,nuisance,1506,1506,fineweb-edu-sample,8.46428884305294e-05
1645,0.1,pooled,nuisance,1760,1760,fineweb-edu-sample,0.0007118426735576265
1645,0.1,pooled,nuisance,2145,2145,fineweb-edu-sample,0.0016938654791376633
1645,0.1,pooled,nuisance,3039,3039,fineweb-edu-sample,4.8144798037546824e-05
1645,0.1,pooled,nuisance,3941,3941,fineweb-edu-sample,0.00021747658998477748
1645,0.1,pooled,nuisance,4577,4577,fineweb-edu-sample,0.007548229001983565
1645,0.1,pooled,nuisance,4759,4759,fineweb-edu-sample,0.0019869170419692193
1645,0.1,pooled,nuisance,5639,5639,fineweb-edu-sample,0.00034679215020656426
1645,0.1,pooled,nuisance,6331,6331,wikimedia-en,0.000562754060099451
1645,0.1,pooled,nuisance,6355,6355,wikimedia-en,0.0004891354179305941
1645,0.1,pooled,nuisance,6924,6924,wikimedia-en,0.0005244583447786878
1645,0.1,pooled,nuisance,10203,10203,wikimedia-en,0.00030427338090669527
1645,0.1,pooled,nuisance,10223,10223,wikimedia-en,0.005221023760884953
1645,0.1,pooled,nuisance,11372,11372,wikimedia-en,0.00047827121491955487
1645,0.1,pooled,nuisance,11751,11751,wikimedia-en,0.0026137551068326228
1645,0.1,pooled,nuisance,11822,11822,wikimedia-en,0.0003819156631998546
1645,0.1,pooled,context,1506,1506,fineweb-edu-sample,8.461389339686149e-05
1645,0.1,pooled,context,1760,1760,fineweb-edu-sample,0.0006147003185684086
1645,0.1,pooled,context,2145,2145,fineweb-edu-sample,0.001751456923335776
1645,0.1,pooled,context,3039,3039,fineweb-edu-sample,5.9187475043646903e-05
1645,0.1,pooled,context,3941,3941,fineweb-edu-sample,0.00023980784755335105
1645,0.1,pooled,context,4577,4577,fineweb-edu-sample,0.0075510721914349745
1645,0.1,pooled,context,4759,4759,fineweb-edu-sample,0.0020364647041173495
1645,0.1,pooled,context,5639,5639,fineweb-edu-sample,0.00034257874992437776
1645,0.1,pooled,context,6331,6331,wikimedia-en,0.000585527139473446
1645,0.1,pooled,context,6355,6355,wikimedia-en,0.0005146111422702043
1645,0.1,pooled,context,6924,6924,wikimedia-en,0.0005243673481865691
1645,0.1,pooled,context,10203,10203,wikimedia-en,0.0002912842391329352
1645,0.1,pooled,context,10223,10223,wikimedia-en,0.00524102409003945
1645,0.1,pooled,context,11372,11372,wikimedia-en,0.0004685169636350334
1645,0.1,pooled,context,11751,11751,wikimedia-en,0.002570221098814531
1645,0.1,pooled,context,11822,11822,wikimedia-en,0.0004106424645330545
1645,0.1,pooled,pc8_context,1506,1506,fineweb-edu-sample,4.519520815215304e-05
1645,0.1,pooled,pc8_context,1760,1760,fineweb-edu-sample,0.0001936259579228429
1645,0.1,pooled,pc8_context,2145,2145,fineweb-edu-sample,0.0009884965719325646
1645,0.1,pooled,pc8_context,3039,3039,fineweb-edu-sample,0.0001318245067494705
1645,0.1,pooled,pc8_context,3941,3941,fineweb-edu-sample,0.00023688838190161427
1645,0.1,pooled,pc8_context,4577,4577,fineweb-edu-sample,0.006495563968295074
1645,0.1,pooled,pc8_context,4759,4759,fineweb-edu-sample,0.0017858554005066637
1645,0.1,pooled,pc8_context,5639,5639,fineweb-edu-sample,0.00027632020352794963
1645,0.1,pooled,pc8_context,6331,6331,wikimedia-en,0.0009896548446454035
1645,0.1,pooled,pc8_context,6355,6355,wikimedia-en,0.00016874497426719646
1645,0.1,pooled,pc8_context,6924,6924,wikimedia-en,0.0010915883317963733
1645,0.1,pooled,pc8_context,10203,10203,wikimedia-en,0.00026310272095436476
1645,0.1,pooled,pc8_context,10223,10223,wikimedia-en,0.006520870671224605
1645,0.1,pooled,pc8_context,11372,11372,wikimedia-en,0.00042037129034286006
1645,0.1,pooled,pc8_context,11751,11751,wikimedia-en,0.00186157430112406
1645,0.1,pooled,pc8_context,11822,11822,wikimedia-en,0.0008302690781446205
1645,0.1,pooled,scalar_gain,1506,1506,fineweb-edu-sample,0.0002661965988904093
1645,0.1,pooled,scalar_gain,1760,1760,fineweb-edu-sample,0.0005684693272705323
1645,0.1,pooled,scalar_gain,2145,2145,fineweb-edu-sample,0.0013556522342552182
1645,0.1,pooled,scalar_gain,3039,3039,fineweb-edu-sample,9.430891774845441e-05
1645,0.1,pooled,scalar_gain,3941,3941,fineweb-edu-sample,0.0002171394077530613
1645,0.1,pooled,scalar_gain,4577,4577,fineweb-edu-sample,0.010753118990311368
1645,0.1,pooled,scalar_gain,4759,4759,fineweb-edu-sample,0.00138762903147698
1645,0.1,pooled,scalar_gain,5639,5639,fineweb-edu-sample,0.0008185536541410039
1645,0.1,pooled,scalar_gain,6331,6331,wikimedia-en,0.0006196367120213651
1645,0.1,pooled,scalar_gain,6355,6355,wikimedia-en,0.0004903745338337533
1645,0.1,pooled,scalar_gain,6924,6924,wikimedia-en,2.9210654740091808e-05
1645,0.1,pooled,scalar_gain,10203,10203,wikimedia-en,0.00028146443554808896
1645,0.1,pooled,scalar_gain,10223,10223,wikimedia-en,0.005220812016194524
1645,0.1,pooled,scalar_gain,11372,11372,wikimedia-en,0.0003195634245657463
1645,0.1,pooled,scalar_gain,11751,11751,wikimedia-en,0.002616727390657927
1645,0.1,pooled,scalar_gain,11822,11822,wikimedia-en,0.0003374375723830428
1645,0.1,pooled,pc8_only,1506,1506,fineweb-edu-sample,4.55394594865391e-05
1645,0.1,pooled,pc8_only,1760,1760,fineweb-edu-sample,0.00024224506040244816
1645,0.1,pooled,pc8_only,2145,2145,fineweb-edu-sample,0.000930417972965815
1645,0.1,pooled,pc8_only,3039,3039,fineweb-edu-sample,0.00010166706177140711
1645,0.1,pooled,pc8_only,3941,3941,fineweb-edu-sample,0.00013706644877172438
1645,0.1,pooled,pc8_only,4577,4577,fineweb-edu-sample,0.006434860881276963
1645,0.1,pooled,pc8_only,4759,4759,fineweb-edu-sample,0.0017036149512732386
1645,0.1,pooled,pc8_only,5639,5639,fineweb-edu-sample,0.000239396092910762
1645,0.1,pooled,pc8_only,6331,6331,wikimedia-en,0.0009749194372055389
1645,0.1,pooled,pc8_only,6355,6355,wikimedia-en,0.00015927987378419953
1645,0.1,pooled,pc8_only,6924,6924,wikimedia-en,0.0009450461318675952
1645,0.1,pooled,pc8_only,10203,10203,wikimedia-en,0.00030132674377495307
1645,0.1,pooled,pc8_only,10223,10223,wikimedia-en,0.006376212436216316
1645,0.1,pooled,pc8_only,11372,11372,wikimedia-en,0.0004043596866098942
1645,0.1,pooled,pc8_only,11751,11751,wikimedia-en,0.0018974313002389491
1645,0.1,pooled,pc8_only,11822,11822,wikimedia-en,0.0007991290406733197
1645,0.1,fineweb-edu-sample,nuisance,6331,6331,wikimedia-en,0.0006211454951984128
1645,0.1,fineweb-edu-sample,nuisance,6355,6355,wikimedia-en,7.52903154530519e-05
1645,0.1,fineweb-edu-sample,nuisance,6924,6924,wikimedia-en,0.0009473605523745139
1645,0.1,fineweb-edu-sample,nuisance,10203,10203,wikimedia-en,0.00031514534519485785
1645,0.1,fineweb-edu-sample,nuisance,10223,10223,wikimedia-en,0.0035679188821119215
1645,0.1,fineweb-edu-sample,nuisance,11372,11372,wikimedia-en,0.0007499103114551796
1645,0.1,fineweb-edu-sample,nuisance,11751,11751,wikimedia-en,0.000709225916596124
1645,0.1,fineweb-edu-sample,nuisance,11822,11822,wikimedia-en,5.354248698309639e-05
1645,0.1,fineweb-edu-sample,context,6331,6331,wikimedia-en,0.0006081952096470466
1645,0.1,fineweb-edu-sample,context,6355,6355,wikimedia-en,6.195584914010967e-05
1645,0.1,fineweb-edu-sample,context,6924,6924,wikimedia-en,0.0010206479698230296
1645,0.1,fineweb-edu-sample,context,10203,10203,wikimedia-en,0.0003498991462450716
1645,0.1,fineweb-edu-sample,context,10223,10223,wikimedia-en,0.003556198149450963
1645,0.1,fineweb-edu-sample,context,11372,11372,wikimedia-en,0.0009158840774006993
1645,0.1,fineweb-edu-sample,context,11751,11751,wikimedia-en,0.0006320979241001058
1645,0.1,fineweb-edu-sample,context,11822,11822,wikimedia-en,8.234415024326742e-05
1645,0.1,fineweb-edu-sample,pc8_context,6331,6331,wikimedia-en,0.0002100209925310073
1645,0.1,fineweb-edu-sample,pc8_context,6355,6355,wikimedia-en,6.144051992456123e-05
1645,0.1,fineweb-edu-sample,pc8_context,6924,6924,wikimedia-en,0.0015518238708871123
1645,0.1,fineweb-edu-sample,pc8_context,10203,10203,wikimedia-en,0.0010068987511271635
1645,0.1,fineweb-edu-sample,pc8_context,10223,10223,wikimedia-en,0.003151231594943936
1645,0.1,fineweb-edu-sample,pc8_context,11372,11372,wikimedia-en,0.0019174216513801311
1645,0.1,fineweb-edu-sample,pc8_context,11751,11751,wikimedia-en,0.0005261299642876642
1645,0.1,fineweb-edu-sample,pc8_context,11822,11822,wikimedia-en,5.598333985756046e-05
1645,0.1,fineweb-edu-sample,scalar_gain,6331,6331,wikimedia-en,0.00044905891544344583
1645,0.1,fineweb-edu-sample,scalar_gain,6355,6355,wikimedia-en,9.74835990122411e-05
1645,0.1,fineweb-edu-sample,scalar_gain,6924,6924,wikimedia-en,0.0010085700954924543
1645,0.1,fineweb-edu-sample,scalar_gain,10203,10203,wikimedia-en,0.00035618321257705095
1645,0.1,fineweb-edu-sample,scalar_gain,10223,10223,wikimedia-en,0.0033930275171940036
1645,0.1,fineweb-edu-sample,scalar_gain,11372,11372,wikimedia-en,0.0005162673117969193
1645,0.1,fineweb-edu-sample,scalar_gain,11751,11751,wikimedia-en,0.00046354922635262144
1645,0.1,fineweb-edu-sample,scalar_gain,11822,11822,wikimedia-en,9.03383516772672e-05
1645,0.1,fineweb-edu-sample,pc8_only,6331,6331,wikimedia-en,0.0002660847095894948
1645,0.1,fineweb-edu-sample,pc8_only,6355,6355,wikimedia-en,0.00010994031106797807
1645,0.1,fineweb-edu-sample,pc8_only,6924,6924,wikimedia-en,0.0015438430385478533
1645,0.1,fineweb-edu-sample,pc8_only,10203,10203,wikimedia-en,0.001025776392029104
1645,0.1,fineweb-edu-sample,pc8_only,10223,10223,wikimedia-en,0.0032033342417307226
1645,0.1,fineweb-edu-sample,pc8_only,11372,11372,wikimedia-en,0.0017376983915506515
1645,0.1,fineweb-edu-sample,pc8_only,11751,11751,wikimedia-en,0.000618253908185692
1645,0.1,fineweb-edu-sample,pc8_only,11822,11822,wikimedia-en,3.5372235395834484e-05
1645,0.1,wikimedia-en,nuisance,1506,1506,fineweb-edu-sample,5.614852380087642e-05
1645,0.1,wikimedia-en,nuisance,1760,1760,fineweb-edu-sample,0.0009282780952278456
1645,0.1,wikimedia-en,nuisance,2145,2145,fineweb-edu-sample,0.0012855946192781899
1645,0.1,wikimedia-en,nuisance,3039,3039,fineweb-edu-sample,0.00016549722329318604
1645,0.1,wikimedia-en,nuisance,3941,3941,fineweb-edu-sample,0.00046395477404459647
1645,0.1,wikimedia-en,nuisance,4577,4577,fineweb-edu-sample,0.010937101762239426
1645,0.1,wikimedia-en,nuisance,4759,4759,fineweb-edu-sample,0.0003106691112712541
1645,0.1,wikimedia-en,nuisance,5639,5639,fineweb-edu-sample,0.0005129311145281625
1645,0.1,wikimedia-en,context,1506,1506,fineweb-edu-sample,6.89373379648337e-05
1645,0.1,wikimedia-en,context,1760,1760,fineweb-edu-sample,0.0008864227285775429
1645,0.1,wikimedia-en,context,2145,2145,fineweb-edu-sample,0.0013508245986691976
1645,0.1,wikimedia-en,context,3039,3039,fineweb-edu-sample,0.0001486442692598541
1645,0.1,wikimedia-en,context,3941,3941,fineweb-edu-sample,0.0005502142047195095
1645,0.1,wikimedia-en,context,4577,4577,fineweb-edu-sample,0.010957571452638681
1645,0.1,wikimedia-en,context,4759,4759,fineweb-edu-sample,0.0003254848436508738
1645,0.1,wikimedia-en,context,5639,5639,fineweb-edu-sample,0.0005555086157644008
1645,0.1,wikimedia-en,pc8_context,1506,1506,fineweb-edu-sample,0.00011199280216033392
1645,0.1,wikimedia-en,pc8_context,1760,1760,fineweb-edu-sample,0.0002556947918072301
1645,0.1,wikimedia-en,pc8_context,2145,2145,fineweb-edu-sample,0.0015589783248962366
1645,0.1,wikimedia-en,pc8_context,3039,3039,fineweb-edu-sample,0.00012110692683093442
1645,0.1,wikimedia-en,pc8_context,3941,3941,fineweb-edu-sample,0.0009282792415369336
1645,0.1,wikimedia-en,pc8_context,4577,4577,fineweb-edu-sample,0.014780723469935883
1645,0.1,wikimedia-en,pc8_context,4759,4759,fineweb-edu-sample,0.00016637443452639694
1645,0.1,wikimedia-en,pc8_context,5639,5639,fineweb-edu-sample,0.0011594220316396078
1645,0.1,wikimedia-en,scalar_gain,1506,1506,fineweb-edu-sample,5.186032532682415e-05
1645,0.1,wikimedia-en,scalar_gain,1760,1760,fineweb-edu-sample,0.0008444636466460637
1645,0.1,wikimedia-en,scalar_gain,2145,2145,fineweb-edu-sample,0.0017090367892140068
1645,0.1,wikimedia-en,scalar_gain,3039,3039,fineweb-edu-sample,4.4806460631515974e-05
1645,0.1,wikimedia-en,scalar_gain,3941,3941,fineweb-edu-sample,0.0010158189987969492
1645,0.1,wikimedia-en,scalar_gain,4577,4577,fineweb-edu-sample,0.011986014331160639
1645,0.1,wikimedia-en,scalar_gain,4759,4759,fineweb-edu-sample,0.0004922107409632773
1645,0.1,wikimedia-en,scalar_gain,5639,5639,fineweb-edu-sample,0.0004000295983712255
1645,0.1,wikimedia-en,pc8_only,1506,1506,fineweb-edu-sample,0.00012153948300954085
1645,0.1,wikimedia-en,pc8_only,1760,1760,fineweb-edu-sample,0.0002600116641076523
1645,0.1,wikimedia-en,pc8_only,2145,2145,fineweb-edu-sample,0.0015518415342569765
1645,0.1,wikimedia-en,pc8_only,3039,3039,fineweb-edu-sample,0.00011425350700948202
1645,0.1,wikimedia-en,pc8_only,3941,3941,fineweb-edu-sample,0.0009125200155127136
1645,0.1,wikimedia-en,pc8_only,4577,4577,fineweb-edu-sample,0.01476517061258659
1645,0.1,wikimedia-en,pc8_only,4759,4759,fineweb-edu-sample,0.00012766684133228178
1645,0.1,wikimedia-en,pc8_only,5639,5639,fineweb-edu-sample,0.0012382055523037577
2966,-0.1,pooled,nuisance,1007,1007,fineweb-edu-sample,6.380082568433376e-06
2966,-0.1,pooled,nuisance,2850,2850,fineweb-edu-sample,1.4615734218032241e-06
2966,-0.1,pooled,nuisance,3500,3500,fineweb-edu-sample,1.1426407170783677e-05
2966,-0.1,pooled,nuisance,3855,3855,fineweb-edu-sample,5.194298813843388e-07
2966,-0.1,pooled,nuisance,4600,4600,fineweb-edu-sample,1.927402376665804e-06
2966,-0.1,pooled,nuisance,5107,5107,fineweb-edu-sample,2.2449790873036302e-05
2966,-0.1,pooled,nuisance,5762,5762,fineweb-edu-sample,1.870842867956786e-05
2966,-0.1,pooled,nuisance,5889,5889,fineweb-edu-sample,8.911789270598343e-06
2966,-0.1,pooled,nuisance,6181,6181,wikimedia-en,3.6438464168981687e-06
2966,-0.1,pooled,nuisance,9855,9855,wikimedia-en,1.462651822741499e-05
2966,-0.1,pooled,nuisance,9915,9915,wikimedia-en,3.7349160042314916e-06
2966,-0.1,pooled,nuisance,10114,10114,wikimedia-en,2.4026981495477574e-05
2966,-0.1,pooled,nuisance,10156,10156,wikimedia-en,2.662281072499528e-05
2966,-0.1,pooled,nuisance,10297,10297,wikimedia-en,6.662320255232735e-06
2966,-0.1,pooled,nuisance,11437,11437,wikimedia-en,4.004326292545358e-05
2966,-0.1,pooled,nuisance,11490,11490,wikimedia-en,3.5088667777428873e-06
2966,-0.1,pooled,context,1007,1007,fineweb-edu-sample,6.3853808480966955e-06
2966,-0.1,pooled,context,2850,2850,fineweb-edu-sample,1.4671932766240287e-06
2966,-0.1,pooled,context,3500,3500,fineweb-edu-sample,1.1401744320672017e-05
2966,-0.1,pooled,context,3855,3855,fineweb-edu-sample,5.166821936091801e-07
2966,-0.1,pooled,context,4600,4600,fineweb-edu-sample,1.9265901748025566e-06
2966,-0.1,pooled,context,5107,5107,fineweb-edu-sample,2.2439199460283373e-05
2966,-0.1,pooled,context,5762,5762,fineweb-edu-sample,1.8685497486087374e-05
2966,-0.1,pooled,context,5889,5889,fineweb-edu-sample,8.901089555385528e-06
2966,-0.1,pooled,context,6181,6181,wikimedia-en,3.6506592375590603e-06
2966,-0.1,pooled,context,9855,9855,wikimedia-en,1.4702922700856858e-05
2966,-0.1,pooled,context,9915,9915,wikimedia-en,3.724189966001273e-06
2966,-0.1,pooled,context,10114,10114,wikimedia-en,2.392061714135551e-05
2966,-0.1,pooled,context,10156,10156,wikimedia-en,2.670062298585669e-05
2966,-0.1,pooled,context,10297,10297,wikimedia-en,6.721623731935398e-06
2966,-0.1,pooled,context,11437,11437,wikimedia-en,4.0115144471622516e-05
2966,-0.1,pooled,context,11490,11490,wikimedia-en,3.5027305848198478e-06
2966,-0.1,pooled,pc8_context,1007,1007,fineweb-edu-sample,2.129024452491719e-05
2966,-0.1,pooled,pc8_context,2850,2850,fineweb-edu-sample,6.419321471797679e-07
2966,-0.1,pooled,pc8_context,3500,3500,fineweb-edu-sample,3.051841812098135e-05
2966,-0.1,pooled,pc8_context,3855,3855,fineweb-edu-sample,1.41815310437899e-07
2966,-0.1,pooled,pc8_context,4600,4600,fineweb-edu-sample,4.960114470066457e-07
2966,-0.1,pooled,pc8_context,5107,5107,fineweb-edu-sample,2.4916759550922663e-05
2966,-0.1,pooled,pc8_context,5762,5762,fineweb-edu-sample,1.6807899677174113e-05
2966,-0.1,pooled,pc8_context,5889,5889,fineweb-edu-sample,3.35540389638903e-06
2966,-0.1,pooled,pc8_context,6181,6181,wikimedia-en,2.0401663360826576e-05
2966,-0.1,pooled,pc8_context,9855,9855,wikimedia-en,1.869786363374349e-05
2966,-0.1,pooled,pc8_context,9915,9915,wikimedia-en,4.163881808308021e-06
2966,-0.1,pooled,pc8_context,10114,10114,wikimedia-en,3.780607045039045e-05
2966,-0.1,pooled,pc8_context,10156,10156,wikimedia-en,5.269827050011362e-06
2966,-0.1,pooled,pc8_context,10297,10297,wikimedia-en,1.0428000670279088e-05
2966,-0.1,pooled,pc8_context,11437,11437,wikimedia-en,4.3778729801497995e-05
2966,-0.1,pooled,pc8_context,11490,11490,wikimedia-en,1.5201776141333532e-05
2966,-0.1,pooled,scalar_gain,1007,1007,fineweb-edu-sample,6.475087640884782e-06
2966,-0.1,pooled,scalar_gain,2850,2850,fineweb-edu-sample,1.7637130656050318e-06
2966,-0.1,pooled,scalar_gain,3500,3500,fineweb-edu-sample,7.072375827290849e-06
2966,-0.1,pooled,scalar_gain,3855,3855,fineweb-edu-sample,3.9410849572359146e-06
2966,-0.1,pooled,scalar_gain,4600,4600,fineweb-edu-sample,7.009753420832792e-06
2966,-0.1,pooled,scalar_gain,5107,5107,fineweb-edu-sample,1.7755739292637964e-05
2966,-0.1,pooled,scalar_gain,5762,5762,fineweb-edu-sample,2.2255838171557733e-05
2966,-0.1,pooled,scalar_gain,5889,5889,fineweb-edu-sample,8.90593425019891e-06
2966,-0.1,pooled,scalar_gain,6181,6181,wikimedia-en,9.3782391632427e-07
2966,-0.1,pooled,scalar_gain,9855,9855,wikimedia-en,8.850248379213417e-06
2966,-0.1,pooled,scalar_gain,9915,9915,wikimedia-en,3.14981120957196e-06
2966,-0.1,pooled,scalar_gain,10114,10114,wikimedia-en,2.296904131491585e-05
2966,-0.1,pooled,scalar_gain,10156,10156,wikimedia-en,2.6971282035508937e-05
2966,-0.1,pooled,scalar_gain,10297,10297,wikimedia-en,3.5252592126022085e-06
2966,-0.1,pooled,scalar_gain,11437,11437,wikimedia-en,2.3264462942069336e-05
2966,-0.1,pooled,scalar_gain,11490,11490,wikimedia-en,1.0215532348082018e-05
2966,-0.1,pooled,pc8_only,1007,1007,fineweb-edu-sample,2.120087600977462e-05
2966,-0.1,pooled,pc8_only,2850,2850,fineweb-edu-sample,6.370640227599361e-07
2966,-0.1,pooled,pc8_only,3500,3500,fineweb-edu-sample,3.054569882569322e-05
2966,-0.1,pooled,pc8_only,3855,3855,fineweb-edu-sample,1.3937232597110628e-07
2966,-0.1,pooled,pc8_only,4600,4600,fineweb-edu-sample,4.968116879459329e-07
2966,-0.1,pooled,pc8_only,5107,5107,fineweb-edu-sample,2.486439817654071e-05
2966,-0.1,pooled,pc8_only,5762,5762,fineweb-edu-sample,1.6849284128090997e-05
2966,-0.1,pooled,pc8_only,5889,5889,fineweb-edu-sample,3.371268939109449e-06
2966,-0.1,pooled,pc8_only,6181,6181,wikimedia-en,2.0390482525158504e-05
2966,-0.1,pooled,pc8_only,9855,9855,wikimedia-en,1.8578766492384717e-05
2966,-0.1,pooled,pc8_only,9915,9915,wikimedia-en,4.163911657842364e-06
2966,-0.1,pooled,pc8_only,10114,10114,wikimedia-en,3.787842016302507e-05
2966,-0.1,pooled,pc8_only,10156,10156,wikimedia-en,5.239646790473555e-06
2966,-0.1,pooled,pc8_only,10297,10297,wikimedia-en,1.0307394032555792e-05
2966,-0.1,pooled,pc8_only,11437,11437,wikimedia-en,4.368198554869802e-05
2966,-0.1,pooled,pc8_only,11490,11490,wikimedia-en,1.5175907593578964e-05
2966,-0.1,fineweb-edu-sample,nuisance,6181,6181,wikimedia-en,6.139203148821221e-07
2966,-0.1,fineweb-edu-sample,nuisance,9855,9855,wikimedia-en,4.564561133480003e-06
2966,-0.1,fineweb-edu-sample,nuisance,9915,9915,wikimedia-en,3.209600908193553e-06
2966,-0.1,fineweb-edu-sample,nuisance,10114,10114,wikimedia-en,2.455847434713133e-05
2966,-0.1,fineweb-edu-sample,nuisance,10156,10156,wikimedia-en,2.4075730034589996e-05
2966,-0.1,fineweb-edu-sample,nuisance,10297,10297,wikimedia-en,1.54332467395435e-05
2966,-0.1,fineweb-edu-sample,nuisance,11437,11437,wikimedia-en,2.4820052909073898e-05
2966,-0.1,fineweb-edu-sample,nuisance,11490,11490,wikimedia-en,5.479547344451678e-06
2966,-0.1,fineweb-edu-sample,context,6181,6181,wikimedia-en,6.278668867139861e-07
2966,-0.1,fineweb-edu-sample,context,9855,9855,wikimedia-en,4.660461972098695e-06
2966,-0.1,fineweb-edu-sample,context,9915,9915,wikimedia-en,3.2224143269462065e-06
2966,-0.1,fineweb-edu-sample,context,10114,10114,wikimedia-en,2.4323386410846446e-05
2966,-0.1,fineweb-edu-sample,context,10156,10156,wikimedia-en,2.442959365769956e-05
2966,-0.1,fineweb-edu-sample,context,10297,10297,wikimedia-en,1.648840754779476e-05
2966,-0.1,fineweb-edu-sample,context,11437,11437,wikimedia-en,2.4692891863900013e-05
2966,-0.1,fineweb-edu-sample,context,11490,11490,wikimedia-en,5.305730572472609e-06
2966,-0.1,fineweb-edu-sample,pc8_context,6181,6181,wikimedia-en,6.231406579880173e-06
2966,-0.1,fineweb-edu-sample,pc8_context,9855,9855,wikimedia-en,9.563513026323292e-07
2966,-0.1,fineweb-edu-sample,pc8_context,9915,9915,wikimedia-en,4.6207840702830216e-06
2966,-0.1,fineweb-edu-sample,pc8_context,10114,10114,wikimedia-en,2.9274416862768765e-05
2966,-0.1,fineweb-edu-sample,pc8_context,10156,10156,wikimedia-en,9.654193196598689e-06
2966,-0.1,fineweb-edu-sample,pc8_context,10297,10297,wikimedia-en,1.3085833775415766e-06
2966,-0.1,fineweb-edu-sample,pc8_context,11437,11437,wikimedia-en,1.4041597051864586e-05
2966,-0.1,fineweb-edu-sample,pc8_context,11490,11490,wikimedia-en,1.1239577026581178e-05
2966,-0.1,fineweb-edu-sample,scalar_gain,6181,6181,wikimedia-en,7.197333616508106e-07
2966,-0.1,fineweb-edu-sample,scalar_gain,9855,9855,wikimedia-en,5.934133894713446e-06
2966,-0.1,fineweb-edu-sample,scalar_gain,9915,9915,wikimedia-en,3.0833283823413352e-06
2966,-0.1,fineweb-edu-sample,scalar_gain,10114,10114,wikimedia-en,2.362536052049852e-05
2966,-0.1,fineweb-edu-sample,scalar_gain,10156,10156,wikimedia-en,2.4997016463814915e-05
2966,-0.1,fineweb-edu-sample,scalar_gain,10297,10297,wikimedia-en,4.726485035429328e-06
2966,-0.1,fineweb-edu-sample,scalar_gain,11437,11437,wikimedia-en,2.2049969834961287e-05
2966,-0.1,fineweb-edu-sample,scalar_gain,11490,11490,wikimedia-en,9.733358999005382e-06
2966,-0.1,fineweb-edu-sample,pc8_only,6181,6181,wikimedia-en,6.398793400121412e-06
2966,-0.1,fineweb-edu-sample,pc8_only,9855,9855,wikimedia-en,4.200936254354784e-07
2966,-0.1,fineweb-edu-sample,pc8_only,9915,9915,wikimedia-en,4.657781632741503e-06
2966,-0.1,fineweb-edu-sample,pc8_only,10114,10114,wikimedia-en,2.8429585006758586e-05
2966,-0.1,fineweb-edu-sample,pc8_only,10156,10156,wikimedia-en,1.0129046369268265e-05
2966,-0.1,fineweb-edu-sample,pc8_only,10297,10297,wikimedia-en,1.7838283105848366e-06
2966,-0.1,fineweb-edu-sample,pc8_only,11437,11437,wikimedia-en,1.3610670235395e-05
2966,-0.1,fineweb-edu-sample,pc8_only,11490,11490,wikimedia-en,1.2491289048039438e-05
2966,-0.1,wikimedia-en,nuisance,1007,1007,fineweb-edu-sample,5.260383744324429e-06
2966,-0.1,wikimedia-en,nuisance,2850,2850,fineweb-edu-sample,3.4571543861575977e-06
2966,-0.1,wikimedia-en,nuisance,3500,3500,fineweb-edu-sample,1.1077707137561796e-05
2966,-0.1,wikimedia-en,nuisance,3855,3855,fineweb-edu-sample,4.821512564471101e-07
2966,-0.1,wikimedia-en,nuisance,4600,4600,fineweb-edu-sample,4.52519742122332e-06
2966,-0.1,wikimedia-en,nuisance,5107,5107,fineweb-edu-sample,2.018927223213881e-05
2966,-0.1,wikimedia-en,nuisance,5762,5762,fineweb-edu-sample,1.7817223394258657e-05
2966,-0.1,wikimedia-en,nuisance,5889,5889,fineweb-edu-sample,1.2600480618392557e-05
2966,-0.1,wikimedia-en,context,1007,1007,fineweb-edu-sample,5.2803534172534706e-06
2966,-0.1,wikimedia-en,context,2850,2850,fineweb-edu-sample,3.4660596158799227e-06
2966,-0.1,wikimedia-en,context,3500,3500,fineweb-edu-sample,1.1088743770957442e-05
2966,-0.1,wikimedia-en,context,3855,3855,fineweb-edu-sample,4.780260597709518e-07
2966,-0.1,wikimedia-en,context,4600,4600,fineweb-edu-sample,4.53252941646098e-06
2966,-0.1,wikimedia-en,context,5107,5107,fineweb-edu-sample,2.0209327283452326e-05
2966,-0.1,wikimedia-en,context,5762,5762,fineweb-edu-sample,1.7802345195342966e-05
2966,-0.1,wikimedia-en,context,5889,5889,fineweb-edu-sample,1.2567156850437322e-05
2966,-0.1,wikimedia-en,pc8_context,1007,1007,fineweb-edu-sample,5.741678307037102e-05
2966,-0.1,wikimedia-en,pc8_context,2850,2850,fineweb-edu-sample,1.3381204762841929e-05
2966,-0.1,wikimedia-en,pc8_context,3500,3500,fineweb-edu-sample,7.010600930304517e-05
2966,-0.1,wikimedia-en,pc8_context,3855,3855,fineweb-edu-sample,2.9908833506261745e-07
2966,-0.1,wikimedia-en,pc8_context,4600,4600,fineweb-edu-sample,2.8444411109152933e-06
2966,-0.1,wikimedia-en,pc8_context,5107,5107,fineweb-edu-sample,5.971884110825842e-05
2966,-0.1,wikimedia-en,pc8_context,5762,5762,fineweb-edu-sample,1.2098128486274729e-05
2966,-0.1,wikimedia-en,pc8_context,5889,5889,fineweb-edu-sample,1.4255475841927699e-06
2966,-0.1,wikimedia-en,scalar_gain,1007,1007,fineweb-edu-sample,5.477472194918753e-06
2966,-0.1,wikimedia-en,scalar_gain,2850,2850,fineweb-edu-sample,2.999711377589619e-06
2966,-0.1,wikimedia-en,scalar_gain,3500,3500,fineweb-edu-sample,6.856299209417455e-06
2966,-0.1,wikimedia-en,scalar_gain,3855,3855,fineweb-edu-sample,3.700918369197886e-06
2966,-0.1,wikimedia-en,scalar_gain,4600,4600,fineweb-edu-sample,6.818064759437983e-06
2966,-0.1,wikimedia-en,scalar_gain,5107,5107,fineweb-edu-sample,1.766249553946275e-05
2966,-0.1,wikimedia-en,scalar_gain,5762,5762,fineweb-edu-sample,2.3126689493341733e-05
2966,-0.1,wikimedia-en,scalar_gain,5889,5889,fineweb-edu-sample,1.1468887533625477e-05
2966,-0.1,wikimedia-en,pc8_only,1007,1007,fineweb-edu-sample,5.7021403380244004e-05
2966,-0.1,wikimedia-en,pc8_only,2850,2850,fineweb-edu-sample,1.3146747413870016e-05
2966,-0.1,wikimedia-en,pc8_only,3500,3500,fineweb-edu-sample,6.994602629181532e-05
2966,-0.1,wikimedia-en,pc8_only,3855,3855,fineweb-edu-sample,2.9096450216936935e-07
2966,-0.1,wikimedia-en,pc8_only,4600,4600,fineweb-edu-sample,2.7940524986683614e-06
2966,-0.1,wikimedia-en,pc8_only,5107,5107,fineweb-edu-sample,5.905914108193319e-05
2966,-0.1,wikimedia-en,pc8_only,5762,5762,fineweb-edu-sample,1.2284428562756146e-05
2966,-0.1,wikimedia-en,pc8_only,5889,5889,fineweb-edu-sample,1.4279934094056113e-06
2966,0.1,pooled,nuisance,1007,1007,fineweb-edu-sample,6.421003720086905e-06
2966,0.1,pooled,nuisance,2850,2850,fineweb-edu-sample,1.4508633620418344e-06
2966,0.1,pooled,nuisance,3500,3500,fineweb-edu-sample,1.1429682245772397e-05
2966,0.1,pooled,nuisance,3855,3855,fineweb-edu-sample,4.781707745254435e-07
2966,0.1,pooled,nuisance,4600,4600,fineweb-edu-sample,1.8814804563419814e-06
2966,0.1,pooled,nuisance,5107,5107,fineweb-edu-sample,2.2248370404933485e-05
2966,0.1,pooled,nuisance,5762,5762,fineweb-edu-sample,1.8598569013769442e-05
2966,0.1,pooled,nuisance,5889,5889,fineweb-edu-sample,8.809795795449757e-06
2966,0.1,pooled,nuisance,6181,6181,wikimedia-en,3.5494405347971797e-06
2966,0.1,pooled,nuisance,9855,9855,wikimedia-en,1.4294059391681827e-05
2966,0.1,pooled,nuisance,9915,9915,wikimedia-en,3.792573464463507e-06
2966,0.1,pooled,nuisance,10114,10114,wikimedia-en,2.40508534615922e-05
2966,0.1,pooled,nuisance,10156,10156,wikimedia-en,2.6402933393475496e-05
2966,0.1,pooled,nuisance,10297,10297,wikimedia-en,6.54857155005929e-06
2966,0.1,pooled,nuisance,11437,11437,wikimedia-en,3.9561383484073045e-05
2966,0.1,pooled,nuisance,11490,11490,wikimedia-en,3.5285932908693976e-06
2966,0.1,pooled,context,1007,1007,fineweb-edu-sample,6.425833210852414e-06
2966,0.1,pooled,context,2850,2850,fineweb-edu-sample,1.455922600080603e-06
2966,0.1,pooled,context,3500,3500,fineweb-edu-sample,1.140754258478082e-05
2966,0.1,pooled,context,3855,3855,fineweb-edu-sample,4.7578281795021733e-07
2966,0.1,pooled,context,4600,4600,fineweb-edu-sample,1.8808210006138098e-06
2966,0.1,pooled,context,5107,5107,fineweb-edu-sample,2.2238995584780496e-05
2966,0.1,pooled,context,5762,5762,fineweb-edu-sample,1.8577983693331627e-05
2966,0.1,pooled,context,5889,5889,fineweb-edu-sample,8.800102495634183e-06
2966,0.1,pooled,context,6181,6181,wikimedia-en,3.555457697460568e-06
2966,0.1,pooled,context,9855,9855,wikimedia-en,1.4361809608514134e-05
2966,0.1,pooled,context,9915,9915,wikimedia-en,3.7828267046837647e-06
2966,0.1,pooled,context,10114,10114,wikimedia-en,2.3953652584497385e-05
2966,0.1,pooled,context,10156,10156,wikimedia-en,2.647337595172009e-05
2966,0.1,pooled,context,10297,10297,wikimedia-en,6.600278370720239e-06
2966,0.1,pooled,context,11437,11437,wikimedia-en,3.9625226832691784e-05
2966,0.1,pooled,context,11490,11490,wikimedia-en,3.522421546986079e-06
2966,0.1,pooled,pc8_context,1007,1007,fineweb-edu-sample,2.1816030192853516e-05
2966,0.1,pooled,pc8_context,2850,2850,fineweb-edu-sample,6.517808666940154e-07
2966,0.1,pooled,pc8_context,3500,3500,fineweb-edu-sample,3.0608466099049116e-05
2966,0.1,pooled,pc8_context,3855,3855,fineweb-edu-sample,1.4953183707797662e-07
2966,0.1,pooled,pc8_context,4600,4600,fineweb-edu-sample,5.074339122053452e-07
2966,0.1,pooled,pc8_context,5107,5107,fineweb-edu-sample,2.4958423236736016e-05
2966,0.1,pooled,pc8_context,5762,5762,fineweb-edu-sample,1.6740611064385668e-05
2966,0.1,pooled,pc8_context,5889,5889,fineweb-edu-sample,3.137346400181618e-06
2966,0.1,pooled,pc8_context,6181,6181,wikimedia-en,1.99514220670197e-05
2966,0.1,pooled,pc8_context,9855,9855,wikimedia-en,1.8851939607341585e-05
2966,0.1,pooled,pc8_context,9915,9915,wikimedia-en,4.215956556170229e-06
2966,0.1,pooled,pc8_context,10114,10114,wikimedia-en,3.7431507697554734e-05
2966,0.1,pooled,pc8_context,10156,10156,wikimedia-en,5.1708258742725245e-06
2966,0.1,pooled,pc8_context,10297,10297,wikimedia-en,1.038700621429372e-05
2966,0.1,pooled,pc8_context,11437,11437,wikimedia-en,4.297180259262228e-05
2966,0.1,pooled,pc8_context,11490,11490,wikimedia-en,1.523831736847135e-05
2966,0.1,pooled,scalar_gain,1007,1007,fineweb-edu-sample,6.509117271339909e-06
2966,0.1,pooled,scalar_gain,2850,2850,fineweb-edu-sample,1.7805824952950494e-06
2966,0.1,pooled,scalar_gain,3500,3500,fineweb-edu-sample,7.0309823443450054e-06
2966,0.1,pooled,scalar_gain,3855,3855,fineweb-edu-sample,3.876023854158199e-06
2966,0.1,pooled,scalar_gain,4600,4600,fineweb-edu-sample,6.870208501845831e-06
2966,0.1,pooled,scalar_gain,5107,5107,fineweb-edu-sample,1.759544583992462e-05
2966,0.1,pooled,scalar_gain,5762,5762,fineweb-edu-sample,2.217198039314556e-05
2966,0.1,pooled,scalar_gain,5889,5889,fineweb-edu-sample,8.801776317176744e-06
2966,0.1,pooled,scalar_gain,6181,6181,wikimedia-en,8.900050493490932e-07
2966,0.1,pooled,scalar_gain,9855,9855,wikimedia-en,8.599190773981538e-06
2966,0.1,pooled,scalar_gain,9915,9915,wikimedia-en,3.1847706866770675e-06
2966,0.1,pooled,scalar_gain,10114,10114,wikimedia-en,2.3029021742534964e-05
2966,0.1,pooled,scalar_gain,10156,10156,wikimedia-en,2.6726356336725346e-05
2966,0.1,pooled,scalar_gain,10297,10297,wikimedia-en,3.475562326729741e-06
2966,0.1,pooled,scalar_gain,11437,11437,wikimedia-en,2.2991214010170117e-05
2966,0.1,pooled,scalar_gain,11490,11490,wikimedia-en,1.0185850812573531e-05
2966,0.1,pooled,pc8_only,1007,1007,fineweb-edu-sample,2.1729832972904077e-05
2966,0.1,pooled,pc8_only,2850,2850,fineweb-edu-sample,6.472233200107798e-07
2966,0.1,pooled,pc8_only,3500,3500,fineweb-edu-sample,3.063464193746019e-05
2966,0.1,pooled,pc8_only,3855,3855,fineweb-edu-sample,1.4723933460468417e-07
2966,0.1,pooled,pc8_only,4600,4600,fineweb-edu-sample,5.083408157710186e-07
2966,0.1,pooled,pc8_only,5107,5107,fineweb-edu-sample,2.490774961089055e-05
2966,0.1,pooled,pc8_only,5762,5762,fineweb-edu-sample,1.6779478070748475e-05
2966,0.1,pooled,pc8_only,5889,5889,fineweb-edu-sample,3.1519103600323547e-06
2966,0.1,pooled,pc8_only,6181,6181,wikimedia-en,1.994089883798002e-05
2966,0.1,pooled,pc8_only,9855,9855,wikimedia-en,1.873743025327644e-05
2966,0.1,pooled,pc8_only,9915,9915,wikimedia-en,4.215981856412966e-06
2966,0.1,pooled,pc8_only,10114,10114,wikimedia-en,3.749983268837104e-05
2966,0.1,pooled,pc8_only,10156,10156,wikimedia-en,5.142672944801723e-06
2966,0.1,pooled,pc8_only,10297,10297,wikimedia-en,1.0271787837859762e-05
2966,0.1,pooled,pc8_only,11437,11437,wikimedia-en,4.288006942667989e-05
2966,0.1,pooled,pc8_only,11490,11490,wikimedia-en,1.5214900792240402e-05
2966,0.1,fineweb-edu-sample,nuisance,6181,6181,wikimedia-en,5.546739903047379e-07
2966,0.1,fineweb-edu-sample,nuisance,9855,9855,wikimedia-en,4.401495966682126e-06
2966,0.1,fineweb-edu-sample,nuisance,9915,9915,wikimedia-en,3.2393293172976304e-06
2966,0.1,fineweb-edu-sample,nuisance,10114,10114,wikimedia-en,2.448580552322527e-05
2966,0.1,fineweb-edu-sample,nuisance,10156,10156,wikimedia-en,2.4062519827777992e-05
2966,0.1,fineweb-edu-sample,nuisance,10297,10297,wikimedia-en,1.5313710060744906e-05
2966,0.1,fineweb-edu-sample,nuisance,11437,11437,wikimedia-en,2.4500144765615608e-05
2966,0.1,fineweb-edu-sample,nuisance,11490,11490,wikimedia-en,5.504473507536614e-06
2966,0.1,fineweb-edu-sample,context,6181,6181,wikimedia-en,5.673849098759578e-07
2966,0.1,fineweb-edu-sample,context,9855,9855,wikimedia-en,4.494625757196875e-06
2966,0.1,fineweb-edu-sample,context,9915,9915,wikimedia-en,3.2506683662662554e-06
2966,0.1,fineweb-edu-sample,context,10114,10114,wikimedia-en,2.4256907242160486e-05
2966,0.1,fineweb-edu-sample,context,10156,10156,wikimedia-en,2.440753514360397e-05
2966,0.1,fineweb-edu-sample,context,10297,10297,wikimedia-en,1.635233922888513e-05
2966,0.1,fineweb-edu-sample,context,11437,11437,wikimedia-en,2.437528826986692e-05
2966,0.1,fineweb-edu-sample,context,11490,11490,wikimedia-en,5.32899359818376e-06
2966,0.1,fineweb-edu-sample,pc8_context,6181,6181,wikimedia-en,6.170745860681206e-06
2966,0.1,fineweb-edu-sample,pc8_context,9855,9855,wikimedia-en,9.84943477972644e-07
2966,0.1,fineweb-edu-sample,pc8_context,9915,9915,wikimedia-en,4.68327996483847e-06
2966,0.1,fineweb-edu-sample,pc8_context,10114,10114,wikimedia-en,2.8962991917413124e-05
2966,0.1,fineweb-edu-sample,pc8_context,10156,10156,wikimedia-en,9.745952570344382e-06
2966,0.1,fineweb-edu-sample,pc8_context,10297,10297,wikimedia-en,1.3289451132407638e-06
2966,0.1,fineweb-edu-sample,pc8_context,11437,11437,wikimedia-en,1.3686777141871135e-05
2966,0.1,fineweb-edu-sample,pc8_context,11490,11490,wikimedia-en,1.1385509480140307e-05
2966,0.1,fineweb-edu-sample,scalar_gain,6181,6181,wikimedia-en,6.583297027698452e-07
2966,0.1,fineweb-edu-sample,scalar_gain,9855,9855,wikimedia-en,5.8221106677279625e-06
2966,0.1,fineweb-edu-sample,scalar_gain,9915,9915,wikimedia-en,3.105370296483218e-06
2966,0.1,fineweb-edu-sample,scalar_gain,10114,10114,wikimedia-en,2.3578281111021004e-05
2966,0.1,fineweb-edu-sample,scalar_gain,10156,10156,wikimedia-en,2.496430200984209e-05
2966,0.1,fineweb-edu-sample,scalar_gain,10297,10297,wikimedia-en,4.639264363670552e-06
2966,0.1,fineweb-edu-sample,scalar_gain,11437,11437,wikimedia-en,2.1839713775616427e-05
2966,0.1,fineweb-edu-sample,scalar_gain,11490,11490,wikimedia-en,9.725112846599076e-06
2966,0.1,fineweb-edu-sample,pc8_only,6181,6181,wikimedia-en,6.339064948085223e-06
2966,0.1,fineweb-edu-sample,pc8_only,9855,9855,wikimedia-en,4.3682286666907443e-07
2966,0.1,fineweb-edu-sample,pc8_only,9915,9915,wikimedia-en,4.720907196725957e-06
2966,0.1,fineweb-edu-sample,pc8_only,10114,10114,wikimedia-en,2.811260512198135e-05
2966,0.1,fineweb-edu-sample,pc8_only,10156,10156,wikimedia-en,1.022410094579998e-05
2966,0.1,fineweb-edu-sample,pc8_only,10297,10297,wikimedia-en,1.8190902342829048e-06
2966,0.1,fineweb-edu-sample,pc8_only,11437,11437,wikimedia-en,1.3258890397092609e-05
2966,0.1,fineweb-edu-sample,pc8_only,11490,11490,wikimedia-en,1.263462014723884e-05
2966,0.1,wikimedia-en,nuisance,1007,1007,fineweb-edu-sample,5.308388039435174e-06
2966,0.1,wikimedia-en,nuisance,2850,2850,fineweb-edu-sample,3.3438487056775324e-06
2966,0.1,wikimedia-en,nuisance,3500,3500,fineweb-edu-sample,1.1116892206895444e-05
2966,0.1,wikimedia-en,nuisance,3855,3855,fineweb-edu-sample,4.7197422622497273e-07
2966,0.1,wikimedia-en,nuisance,4600,4600,fineweb-edu-sample,4.5181492017222e-06
2966,0.1,wikimedia-en,nuisance,5107,5107,fineweb-edu-sample,2.008833318205189e-05
2966,0.1,wikimedia-en,nuisance,5762,5762,fineweb-edu-sample,1.7476034229021635e-05
2966,0.1,wikimedia-en,nuisance,5889,5889,fineweb-edu-sample,1.2425887490980232e-05
2966,0.1,wikimedia-en,context,1007,1007,fineweb-edu-sample,5.323152303844375e-06
2966,0.1,wikimedia-en,context,2850,2850,fineweb-edu-sample,3.350239748391359e-06
2966,0.1,wikimedia-en,context,3500,3500,fineweb-edu-sample,1.1124852453882943e-05
2966,0.1,wikimedia-en,context,3855,3855,fineweb-edu-sample,4.690582047815841e-07
2966,0.1,wikimedia-en,context,4600,4600,fineweb-edu-sample,4.5232935695552515e-06
2966,0.1,wikimedia-en,context,5107,5107,fineweb-edu-sample,2.010260546547678e-05
2966,0.1,wikimedia-en,context,5762,5762,fineweb-edu-sample,1.746535224814862e-05
2966,0.1,wikimedia-en,context,5889,5889,fineweb-edu-sample,1.2401681516256405e-05
2966,0.1,wikimedia-en,pc8_context,1007,1007,fineweb-edu-sample,5.915467431435026e-05
2966,0.1,wikimedia-en,pc8_context,2850,2850,fineweb-edu-sample,1.3341294303889105e-05
2966,0.1,wikimedia-en,pc8_context,3500,3500,fineweb-edu-sample,7.129205448963667e-05
2966,0.1,wikimedia-en,pc8_context,3855,3855,fineweb-edu-sample,3.231234295222218e-07
2966,0.1,wikimedia-en,pc8_context,4600,4600,fineweb-edu-sample,2.7271338534059727e-06
2966,0.1,wikimedia-en,pc8_context,5107,5107,fineweb-edu-sample,6.029957540543038e-05
2966,0.1,wikimedia-en,pc8_context,5762,5762,fineweb-edu-sample,1.1808407156765444e-05
2966,0.1,wikimedia-en,pc8_context,5889,5889,fineweb-edu-sample,1.3369699402113316e-06
2966,0.1,wikimedia-en,scalar_gain,1007,1007,fineweb-edu-sample,5.518513124130645e-06
2966,0.1,wikimedia-en,scalar_gain,2850,2850,fineweb-edu-sample,2.9537418838227517e-06
2966,0.1,wikimedia-en,scalar_gain,3500,3500,fineweb-edu-sample,6.811389506210341e-06
2966,0.1,wikimedia-en,scalar_gain,3855,3855,fineweb-edu-sample,3.66082572610821e-06
2966,0.1,wikimedia-en,scalar_gain,4600,4600,fineweb-edu-sample,6.672534097571503e-06
2966,0.1,wikimedia-en,scalar_gain,5107,5107,fineweb-edu-sample,1.7512485791304797e-05
2966,0.1,wikimedia-en,scalar_gain,5762,5762,fineweb-edu-sample,2.2905716961162807e-05
2966,0.1,wikimedia-en,scalar_gain,5889,5889,fineweb-edu-sample,1.130584928853209e-05
2966,0.1,wikimedia-en,pc8_only,1007,1007,fineweb-edu-sample,5.875669607817434e-05
2966,0.1,wikimedia-en,pc8_only,2850,2850,fineweb-edu-sample,1.3109286326271635e-05
2966,0.1,wikimedia-en,pc8_only,3500,3500,fineweb-edu-sample,7.113184346949133e-05
2966,0.1,wikimedia-en,pc8_only,3855,3855,fineweb-edu-sample,3.148197503758361e-07
2966,0.1,wikimedia-en,pc8_only,4600,4600,fineweb-edu-sample,2.6789244033462107e-06
2966,0.1,wikimedia-en,pc8_only,5107,5107,fineweb-edu-sample,5.964040746903033e-05
2966,0.1,wikimedia-en,pc8_only,5762,5762,fineweb-edu-sample,1.1990649248653283e-05
2966,0.1,wikimedia-en,pc8_only,5889,5889,fineweb-edu-sample,1.3361873141670478e-06
28027,-0.1,pooled,nuisance,3,3,fineweb-edu-sample,0.00031801776478381443
28027,-0.1,pooled,nuisance,258,258,fineweb-edu-sample,0.0006025775892574413
28027,-0.1,pooled,nuisance,831,831,fineweb-edu-sample,0.00012917085126082318
28027,-0.1,pooled,nuisance,2850,2850,fineweb-edu-sample,0.00021726773000302772
28027,-0.1,pooled,nuisance,4057,4057,fineweb-edu-sample,2.8259534997621327e-05
28027,-0.1,pooled,nuisance,4369,4369,fineweb-edu-sample,4.8957848507848557e-05
28027,-0.1,pooled,nuisance,4598,4598,fineweb-edu-sample,2.4519782955421146e-05
28027,-0.1,pooled,nuisance,5284,5284,fineweb-edu-sample,2.1229320002207715e-05
28027,-0.1,pooled,nuisance,6745,6745,wikimedia-en,0.0008938731855935928
28027,-0.1,pooled,nuisance,7878,7878,wikimedia-en,0.0003481354436242686
28027,-0.1,pooled,nuisance,8046,8046,wikimedia-en,0.0002622619141462032
28027,-0.1,pooled,nuisance,8113,8113,wikimedia-en,0.0005675802820367315
28027,-0.1,pooled,nuisance,8236,8236,wikimedia-en,1.2707505647062048e-06
28027,-0.1,pooled,nuisance,9526,9526,wikimedia-en,0.0004080710837956225
28027,-0.1,pooled,nuisance,11791,11791,wikimedia-en,5.454280558305061e-05
28027,-0.1,pooled,nuisance,11989,11989,wikimedia-en,0.0001837625593166044
28027,-0.1,pooled,context,3,3,fineweb-edu-sample,0.0003310656461330227
28027,-0.1,pooled,context,258,258,fineweb-edu-sample,0.0005816951052247507
28027,-0.1,pooled,context,831,831,fineweb-edu-sample,0.00011700694275379435
28027,-0.1,pooled,context,2850,2850,fineweb-edu-sample,0.0002075730355286078
28027,-0.1,pooled,context,4057,4057,fineweb-edu-sample,2.786372787039714e-05
28027,-0.1,pooled,context,4369,4369,fineweb-edu-sample,4.467878910172885e-05
28027,-0.1,pooled,context,4598,4598,fineweb-edu-sample,2.8884328505470337e-05
28027,-0.1,pooled,context,5284,5284,fineweb-edu-sample,2.1813602458132853e-05
28027,-0.1,pooled,context,6745,6745,wikimedia-en,0.0009091486000721754
28027,-0.1,pooled,context,7878,7878,wikimedia-en,0.00035413251943386203
28027,-0.1,pooled,context,8046,8046,wikimedia-en,0.0002527765681728356
28027,-0.1,pooled,context,8113,8113,wikimedia-en,0.0005796626541382702
28027,-0.1,pooled,context,8236,8236,wikimedia-en,1.593903596248813e-06
28027,-0.1,pooled,context,9526,9526,wikimedia-en,0.00041349233160116667
28027,-0.1,pooled,context,11791,11791,wikimedia-en,5.353841079630675e-05
28027,-0.1,pooled,context,11989,11989,wikimedia-en,0.00018199853945377722
28027,-0.1,pooled,pc8_context,3,3,fineweb-edu-sample,0.0003653042438662861
28027,-0.1,pooled,pc8_context,258,258,fineweb-edu-sample,0.0003793041566766646
28027,-0.1,pooled,pc8_context,831,831,fineweb-edu-sample,0.00027574908951399403
28027,-0.1,pooled,pc8_context,2850,2850,fineweb-edu-sample,0.00012103138930825126
28027,-0.1,pooled,pc8_context,4057,4057,fineweb-edu-sample,0.00010263181674331184
28027,-0.1,pooled,pc8_context,4369,4369,fineweb-edu-sample,7.827940763187263e-05
28027,-0.1,pooled,pc8_context,4598,4598,fineweb-edu-sample,7.804921939837037e-05
28027,-0.1,pooled,pc8_context,5284,5284,fineweb-edu-sample,1.8705235133426918e-05
28027,-0.1,pooled,pc8_context,6745,6745,wikimedia-en,0.0011221072443527798
28027,-0.1,pooled,pc8_context,7878,7878,wikimedia-en,0.0004355178793311681
28027,-0.1,pooled,pc8_context,8046,8046,wikimedia-en,0.00013484651408929375
28027,-0.1,pooled,pc8_context,8113,8113,wikimedia-en,0.000673313589942391
28027,-0.1,pooled,pc8_context,8236,8236,wikimedia-en,1.6347704917366372e-05
28027,-0.1,pooled,pc8_context,9526,9526,wikimedia-en,0.0010506072894199581
28027,-0.1,pooled,pc8_context,11791,11791,wikimedia-en,0.0002352653003301293
28027,-0.1,pooled,pc8_context,11989,11989,wikimedia-en,8.074515910744413e-05
28027,-0.1,pooled,scalar_gain,3,3,fineweb-edu-sample,0.00028435800778733026
28027,-0.1,pooled,scalar_gain,258,258,fineweb-edu-sample,0.0005834062892017096
28027,-0.1,pooled,scalar_gain,831,831,fineweb-edu-sample,0.0005432444133427759
28027,-0.1,pooled,scalar_gain,2850,2850,fineweb-edu-sample,0.00020525397212984672
28027,-0.1,pooled,scalar_gain,4057,4057,fineweb-edu-sample,3.005512519547244e-06
28027,-0.1,pooled,scalar_gain,4369,4369,fineweb-edu-sample,5.275323790108873e-05
28027,-0.1,pooled,scalar_gain,4598,4598,fineweb-edu-sample,1.868572355571111e-05
28027,-0.1,pooled,scalar_gain,5284,5284,fineweb-edu-sample,0.00010868897679010532
28027,-0.1,pooled,scalar_gain,6745,6745,wikimedia-en,0.0006646533866370113
28027,-0.1,pooled,scalar_gain,7878,7878,wikimedia-en,0.0003515096570993518
28027,-0.1,pooled,scalar_gain,8046,8046,wikimedia-en,0.00024941487654738773
28027,-0.1,pooled,scalar_gain,8113,8113,wikimedia-en,0.0004892953686633225
28027,-0.1,pooled,scalar_gain,8236,8236,wikimedia-en,3.554575325289472e-06
28027,-0.1,pooled,scalar_gain,9526,9526,wikimedia-en,0.0003975536623210288
28027,-0.1,pooled,scalar_gain,11791,11791,wikimedia-en,3.1209004109399363e-05
28027,-0.1,pooled,scalar_gain,11989,11989,wikimedia-en,0.00020306862031651694
28027,-0.1,pooled,pc8_only,3,3,fineweb-edu-sample,0.00035257656607625245
28027,-0.1,pooled,pc8_only,258,258,fineweb-edu-sample,0.0003932366565208029
28027,-0.1,pooled,pc8_only,831,831,fineweb-edu-sample,0.00025858111244540967
28027,-0.1,pooled,pc8_only,2850,2850,fineweb-edu-sample,0.00013105331959547783
28027,-0.1,pooled,pc8_only,4057,4057,fineweb-edu-sample,0.00010696433111447075
28027,-0.1,pooled,pc8_only,4369,4369,fineweb-edu-sample,8.799553979487075e-05
28027,-0.1,pooled,pc8_only,4598,4598,fineweb-edu-sample,6.90082606943453e-05
28027,-0.1,pooled,pc8_only,5284,5284,fineweb-edu-sample,2.0208612736040407e-05
28027,-0.1,pooled,pc8_only,6745,6745,wikimedia-en,0.0011190639218341774
28027,-0.1,pooled,pc8_only,7878,7878,wikimedia-en,0.00043473508706402814
28027,-0.1,pooled,pc8_only,8046,8046,wikimedia-en,0.0001410572531443226
28027,-0.1,pooled,pc8_only,8113,8113,wikimedia-en,0.0006782620455695143
28027,-0.1,pooled,pc8_only,8236,8236,wikimedia-en,2.2474210341605013e-05
28027,-0.1,pooled,pc8_only,9526,9526,wikimedia-en,0.0010190672847849836
28027,-0.1,pooled,pc8_only,11791,11791,wikimedia-en,0.00022048939033099342
28027,-0.1,pooled,pc8_only,11989,11989,wikimedia-en,8.066090113014208e-05
28027,-0.1,fineweb-edu-sample,nuisance,6745,6745,wikimedia-en,0.0008014983735521574
28027,-0.1,fineweb-edu-sample,nuisance,7878,7878,wikimedia-en,0.00037776766730835814
28027,-0.1,fineweb-edu-sample,nuisance,8046,8046,wikimedia-en,0.0003165783019520412
28027,-0.1,fineweb-edu-sample,nuisance,8113,8113,wikimedia-en,0.00037666051898956895
28027,-0.1,fineweb-edu-sample,nuisance,8236,8236,wikimedia-en,2.25269687382395e-06
28027,-0.1,fineweb-edu-sample,nuisance,9526,9526,wikimedia-en,0.0004477169148682057
28027,-0.1,fineweb-edu-sample,nuisance,11791,11791,wikimedia-en,4.905761995577421e-05
28027,-0.1,fineweb-edu-sample,nuisance,11989,11989,wikimedia-en,0.00012230342639715094
28027,-0.1,fineweb-edu-sample,context,6745,6745,wikimedia-en,0.0007949610912449711
28027,-0.1,fineweb-edu-sample,context,7878,7878,wikimedia-en,0.0003977241379770611
28027,-0.1,fineweb-edu-sample,context,8046,8046,wikimedia-en,0.0002899602202248376
28027,-0.1,fineweb-edu-sample,context,8113,8113,wikimedia-en,0.00038974700739570283
28027,-0.1,fineweb-edu-sample,context,8236,8236,wikimedia-en,2.6271089440656485e-06
28027,-0.1,fineweb-edu-sample,context,9526,9526,wikimedia-en,0.0004707688402454891
28027,-0.1,fineweb-edu-sample,context,11791,11791,wikimedia-en,4.5211566120796324e-05
28027,-0.1,fineweb-edu-sample,context,11989,11989,wikimedia-en,0.00012738027531336305
28027,-0.1,fineweb-edu-sample,pc8_context,6745,6745,wikimedia-en,0.0012791634136389365
28027,-0.1,fineweb-edu-sample,pc8_context,7878,7878,wikimedia-en,0.0005477520946834963
28027,-0.1,fineweb-edu-sample,pc8_context,8046,8046,wikimedia-en,0.0002579675171078353
28027,-0.1,fineweb-edu-sample,pc8_context,8113,8113,wikimedia-en,0.00022346729031601985
28027,-0.1,fineweb-edu-sample,pc8_context,8236,8236,wikimedia-en,1.3275938851950832e-05
28027,-0.1,fineweb-edu-sample,pc8_context,9526,9526,wikimedia-en,0.0004762810910378499
28027,-0.1,fineweb-edu-sample,pc8_context,11791,11791,wikimedia-en,9.997592819653968e-06
28027,-0.1,fineweb-edu-sample,pc8_context,11989,11989,wikimedia-en,0.00020587876027566935
28027,-0.1,fineweb-edu-sample,scalar_gain,6745,6745,wikimedia-en,0.0006569883263129289
28027,-0.1,fineweb-edu-sample,scalar_gain,7878,7878,wikimedia-en,0.0003885034041892472
28027,-0.1,fineweb-edu-sample,scalar_gain,8046,8046,wikimedia-en,0.00028370788591961454
28027,-0.1,fineweb-edu-sample,scalar_gain,8113,8113,wikimedia-en,0.0004066212828092523
28027,-0.1,fineweb-edu-sample,scalar_gain,8236,8236,wikimedia-en,5.263876660375695e-06
28027,-0.1,fineweb-edu-sample,scalar_gain,9526,9526,wikimedia-en,0.0003333476803981992
28027,-0.1,fineweb-edu-sample,scalar_gain,11791,11791,wikimedia-en,3.681517084108691e-05
28027,-0.1,fineweb-edu-sample,scalar_gain,11989,11989,wikimedia-en,0.0001554399767344661
28027,-0.1,fineweb-edu-sample,pc8_only,6745,6745,wikimedia-en,0.0012794462535697447
28027,-0.1,fineweb-edu-sample,pc8_only,7878,7878,wikimedia-en,0.0005421496440666738
28027,-0.1,fineweb-edu-sample,pc8_only,8046,8046,wikimedia-en,0.00027280228238247146
28027,-0.1,fineweb-edu-sample,pc8_only,8113,8113,wikimedia-en,0.00020903354493701027
28027,-0.1,fineweb-edu-sample,pc8_only,8236,8236,wikimedia-en,1.1287203403155275e-05
28027,-0.1,fineweb-edu-sample,pc8_only,9526,9526,wikimedia-en,0.00045810728675962226
28027,-0.1,fineweb-edu-sample,pc8_only,11791,11791,wikimedia-en,8.445798217757955e-06
28027,-0.1,fineweb-edu-sample,pc8_only,11989,11989,wikimedia-en,0.0002116405028912798
28027,-0.1,wikimedia-en,nuisance,3,3,fineweb-edu-sample,0.00038424464817943667
28027,-0.1,wikimedia-en,nuisance,258,258,fineweb-edu-sample,0.0004961893423351826
28027,-0.1,wikimedia-en,nuisance,831,831,fineweb-edu-sample,0.0003779157071116661
28027,-0.1,wikimedia-en,nuisance,2850,2850,fineweb-edu-sample,0.00010877966848593597
28027,-0.1,wikimedia-en,nuisance,4057,4057,fineweb-edu-sample,2.1631993785206284e-05
28027,-0.1,wikimedia-en,nuisance,4369,4369,fineweb-edu-sample,3.077863053499212e-05
28027,-0.1,wikimedia-en,nuisance,4598,4598,fineweb-edu-sample,1.68425416243963e-05
28027,-0.1,wikimedia-en,nuisance,5284,5284,fineweb-edu-sample,8.352749621715045e-05
28027,-0.1,wikimedia-en,context,3,3,fineweb-edu-sample,0.0003724110278796538
28027,-0.1,wikimedia-en,context,258,258,fineweb-edu-sample,0.00047193779850356553
28027,-0.1,wikimedia-en,context,831,831,fineweb-edu-sample,0.00038389624008311165
28027,-0.1,wikimedia-en,context,2850,2850,fineweb-edu-sample,9.015173465440248e-05
28027,-0.1,wikimedia-en,context,4057,4057,fineweb-edu-sample,2.3683086859896686e-05
28027,-0.1,wikimedia-en,context,4369,4369,fineweb-edu-sample,1.4885962426264049e-05
28027,-0.1,wikimedia-en,context,4598,4598,fineweb-edu-sample,2.4890427317357996e-05
28027,-0.1,wikimedia-en,context,5284,5284,fineweb-edu-sample,8.111419483718761e-05
28027,-0.1,wikimedia-en,pc8_context,3,3,fineweb-edu-sample,0.0007735728743066366
28027,-0.1,wikimedia-en,pc8_context,258,258,fineweb-edu-sample,0.0005305338927250514
28027,-0.1,wikimedia-en,pc8_context,831,831,fineweb-edu-sample,0.0004010315749727404
28027,-0.1,wikimedia-en,pc8_context,2850,2850,fineweb-edu-sample,0.00018577408853544283
28027,-0.1,wikimedia-en,pc8_context,4057,4057,fineweb-edu-sample,2.4141617313091613e-05
28027,-0.1,wikimedia-en,pc8_context,4369,4369,fineweb-edu-sample,0.0006261742907711969
28027,-0.1,wikimedia-en,pc8_context,4598,4598,fineweb-edu-sample,3.253712999794856e-05
28027,-0.1,wikimedia-en,pc8_context,5284,5284,fineweb-edu-sample,7.183766896715387e-05
28027,-0.1,wikimedia-en,scalar_gain,3,3,fineweb-edu-sample,0.0002872159350482971
28027,-0.1,wikimedia-en,scalar_gain,258,258,fineweb-edu-sample,0.0005732605770330056
28027,-0.1,wikimedia-en,scalar_gain,831,831,fineweb-edu-sample,0.000687615842216534
28027,-0.1,wikimedia-en,scalar_gain,2850,2850,fineweb-edu-sample,8.218304506376371e-05
28027,-0.1,wikimedia-en,scalar_gain,4057,4057,fineweb-edu-sample,7.947691061096372e-06
28027,-0.1,wikimedia-en,scalar_gain,4369,4369,fineweb-edu-sample,2.3319323808642546e-05
28027,-0.1,wikimedia-en,scalar_gain,4598,4598,fineweb-edu-sample,2.724668756977001e-05
28027,-0.1,wikimedia-en,scalar_gain,5284,5284,fineweb-edu-sample,0.0001037524356114457
28027,-0.1,wikimedia-en,pc8_only,3,3,fineweb-edu-sample,0.0007894060026892041
28027,-0.1,wikimedia-en,pc8_only,258,258,fineweb-edu-sample,0.0005594235961185645
28027,-0.1,wikimedia-en,pc8_only,831,831,fineweb-edu-sample,0.00041131305036081996
28027,-0.1,wikimedia-en,pc8_only,2850,2850,fineweb-edu-sample,0.00019634029006421799
28027,-0.1,wikimedia-en,pc8_only,4057,4057,fineweb-edu-sample,2.5340850155026728e-05
28027,-0.1,wikimedia-en,pc8_only,4369,4369,fineweb-edu-sample,0.0007034915588556109
28027,-0.1,wikimedia-en,pc8_only,4598,4598,fineweb-edu-sample,2.9458092302454906e-05
28027,-0.1,wikimedia-en,pc8_only,5284,5284,fineweb-edu-sample,7.107737716818529e-05
28027,0.1,pooled,nuisance,3,3,fineweb-edu-sample,0.00035147382422871554
28027,0.1,pooled,nuisance,258,258,fineweb-edu-sample,0.0006089576904425413
28027,0.1,pooled,nuisance,831,831,fineweb-edu-sample,0.00011298977224060637
28027,0.1,pooled,nuisance,2850,2850,fineweb-edu-sample,0.00021227559317939639
28027,0.1,pooled,nuisance,4057,4057,fineweb-edu-sample,3.084006526056223e-05
28027,0.1,pooled,nuisance,4369,4369,fineweb-edu-sample,5.057685877542529e-05
28027,0.1,pooled,nuisance,4598,4598,fineweb-edu-sample,2.6245272598203305e-05
28027,0.1,pooled,nuisance,5284,5284,fineweb-edu-sample,3.0309709223493286e-05
28027,0.1,pooled,nuisance,6745,6745,wikimedia-en,0.0008451840344778137
28027,0.1,pooled,nuisance,7878,7878,wikimedia-en,0.00033582308133285946
28027,0.1,pooled,nuisance,8046,8046,wikimedia-en,0.00026892349669991
28027,0.1,pooled,nuisance,8113,8113,wikimedia-en,0.0005150465495052038
28027,0.1,pooled,nuisance,8236,8236,wikimedia-en,1.189476526083656e-06
28027,0.1,pooled,nuisance,9526,9526,wikimedia-en,0.0004051411503631973
28027,0.1,pooled,nuisance,11791,11791,wikimedia-en,5.5786942992677905e-05
28027,0.1,pooled,nuisance,11989,11989,wikimedia-en,0.00018915845002737795
28027,0.1,pooled,context,3,3,fineweb-edu-sample,0.00036449228627902767
28027,0.1,pooled,context,258,258,fineweb-edu-sample,0.0005884165827215362
28027,0.1,pooled,context,831,831,fineweb-edu-sample,0.00010098134334128742
28027,0.1,pooled,context,2850,2850,fineweb-edu-sample,0.00020309278588395471
28027,0.1,pooled,context,4057,4057,fineweb-edu-sample,3.0489411591707655e-05
28027,0.1,pooled,context,4369,4369,fineweb-edu-sample,4.6357323259322796e-05
28027,0.1,pooled,context,4598,4598,fineweb-edu-sample,3.052266042797179e-05
28027,0.1,pooled,context,5284,5284,fineweb-edu-sample,3.0944361836727715e-05
28027,0.1,pooled,context,6745,6745,wikimedia-en,0.0008593716075148627
28027,0.1,pooled,context,7878,7878,wikimedia-en,0.00034149860188832637
28027,0.1,pooled,context,8046,8046,wikimedia-en,0.0002578787560666041
28027,0.1,pooled,context,8113,8113,wikimedia-en,0.0005260109693715653
28027,0.1,pooled,context,8236,8236,wikimedia-en,1.4539505563615954e-06
28027,0.1,pooled,context,9526,9526,wikimedia-en,0.00041031279941661605
28027,0.1,pooled,context,11791,11791,wikimedia-en,5.493976059507138e-05
28027,0.1,pooled,context,11989,11989,wikimedia-en,0.00018745153591762169
28027,0.1,pooled,pc8_context,3,3,fineweb-edu-sample,0.00040279788157379897
28027,0.1,pooled,pc8_context,258,258,fineweb-edu-sample,0.0004026038112594053
28027,0.1,pooled,pc8_context,831,831,fineweb-edu-sample,0.00022237897259034446
28027,0.1,pooled,pc8_context,2850,2850,fineweb-edu-sample,0.00012327691170291872
28027,0.1,pooled,pc8_context,4057,4057,fineweb-edu-sample,0.00010329212984454989
28027,0.1,pooled,pc8_context,4369,4369,fineweb-edu-sample,8.020558844145936e-05
28027,0.1,pooled,pc8_context,4598,4598,fineweb-edu-sample,8.45499911238066e-05
28027,0.1,pooled,pc8_context,5284,5284,fineweb-edu-sample,2.3658291905862224e-05
28027,0.1,pooled,pc8_context,6745,6745,wikimedia-en,0.001064117994198197
28027,0.1,pooled,pc8_context,7878,7878,wikimedia-en,0.0004187412041030655
28027,0.1,pooled,pc8_context,8046,8046,wikimedia-en,0.00012701684629782544
28027,0.1,pooled,pc8_context,8113,8113,wikimedia-en,0.0006202833406540744
28027,0.1,pooled,pc8_context,8236,8236,wikimedia-en,1.5944663644178045e-05
28027,0.1,pooled,pc8_context,9526,9526,wikimedia-en,0.0010636901210738724
28027,0.1,pooled,pc8_context,11791,11791,wikimedia-en,0.00023249561228157932
28027,0.1,pooled,pc8_context,11989,11989,wikimedia-en,8.57766134412284e-05
28027,0.1,pooled,scalar_gain,3,3,fineweb-edu-sample,0.0003203540046034004
28027,0.1,pooled,scalar_gain,258,258,fineweb-edu-sample,0.0005567129741596888
28027,0.1,pooled,scalar_gain,831,831,fineweb-edu-sample,0.0005212420124783503
28027,0.1,pooled,scalar_gain,2850,2850,fineweb-edu-sample,0.00020191731461952097
28027,0.1,pooled,scalar_gain,4057,4057,fineweb-edu-sample,3.319521519581423e-06
28027,0.1,pooled,scalar_gain,4369,4369,fineweb-edu-sample,5.2117268253132214e-05
28027,0.1,pooled,scalar_gain,4598,4598,fineweb-edu-sample,2.0781108299964272e-05
28027,0.1,pooled,scalar_gain,5284,5284,fineweb-edu-sample,0.00011636482458948855
28027,0.1,pooled,scalar_gain,6745,6745,wikimedia-en,0.0006292071456109352
28027,0.1,pooled,scalar_gain,7878,7878,wikimedia-en,0.00034020203838759183
28027,0.1,pooled,scalar_gain,8046,8046,wikimedia-en,0.00027295950614316587
28027,0.1,pooled,scalar_gain,8113,8113,wikimedia-en,0.0004534886799684201
28027,0.1,pooled,scalar_gain,8236,8236,wikimedia-en,2.888324447779781e-06
28027,0.1,pooled,scalar_gain,9526,9526,wikimedia-en,0.00038604208771971876
28027,0.1,pooled,scalar_gain,11791,11791,wikimedia-en,2.829988760121982e-05
28027,0.1,pooled,scalar_gain,11989,11989,wikimedia-en,0.00020625864435824443
28027,0.1,pooled,pc8_only,3,3,fineweb-edu-sample,0.00038970215299698375
28027,0.1,pooled,pc8_only,258,258,fineweb-edu-sample,0.00041757363603351505
28027,0.1,pooled,pc8_only,831,831,fineweb-edu-sample,0.00020662467659566074
28027,0.1,pooled,pc8_only,2850,2850,fineweb-edu-sample,0.0001332081617936474
28027,0.1,pooled,pc8_only,4057,4057,fineweb-edu-sample,0.00010725270209875599
28027,0.1,pooled,pc8_only,4369,4369,fineweb-edu-sample,8.988137780443317e-05
28027,0.1,pooled,pc8_only,4598,4598,fineweb-edu-sample,7.525555483244706e-05
28027,0.1,pooled,pc8_only,5284,5284,fineweb-edu-sample,2.4315517682526458e-05
28027,0.1,pooled,pc8_only,6745,6745,wikimedia-en,0.0010611801037963254
28027,0.1,pooled,pc8_only,7878,7878,wikimedia-en,0.00041798434357771965
28027,0.1,pooled,pc8_only,8046,8046,wikimedia-en,0.00013423485656548857
28027,0.1,pooled,pc8_only,8113,8113,wikimedia-en,0.000624945474246766
28027,0.1,pooled,pc8_only,8236,8236,wikimedia-en,2.189075673423861e-05
28027,0.1,pooled,pc8_only,9526,9526,wikimedia-en,0.0010320594791694078
28027,0.1,pooled,pc8_only,11791,11791,wikimedia-en,0.00021812413140666814
28027,0.1,pooled,pc8_only,11989,11989,wikimedia-en,8.569099598843229e-05
28027,0.1,fineweb-edu-sample,nuisance,6745,6745,wikimedia-en,0.0007530300598494633
28027,0.1,fineweb-edu-sample,nuisance,7878,7878,wikimedia-en,0.0003595223634242498
28027,0.1,fineweb-edu-sample,nuisance,8046,8046,wikimedia-en,0.00032394220426429
28027,0.1,fineweb-edu-sample,nuisance,8113,8113,wikimedia-en,0.000329659917015105
28027,0.1,fineweb-edu-sample,nuisance,8236,8236,wikimedia-en,2.21436047696828e-06
28027,0.1,fineweb-edu-sample,nuisance,9526,9526,wikimedia-en,0.0004475562857076713
28027,0.1,fineweb-edu-sample,nuisance,11791,11791,wikimedia-en,4.147644895257528e-05
28027,0.1,fineweb-edu-sample,nuisance,11989,11989,wikimedia-en,0.00012749099421682344
28027,0.1,fineweb-edu-sample,context,6745,6745,wikimedia-en,0.0007458433925782118
28027,0.1,fineweb-edu-sample,context,7878,7878,wikimedia-en,0.00037860701212497587
28027,0.1,fineweb-edu-sample,context,8046,8046,wikimedia-en,0.0002976642467197655
28027,0.1,fineweb-edu-sample,context,8113,8113,wikimedia-en,0.0003412306438722511
28027,0.1,fineweb-edu-sample,context,8236,8236,wikimedia-en,2.5867953148648567e-06
28027,0.1,fineweb-edu-sample,context,9526,9526,wikimedia-en,0.0004708452596511788
28027,0.1,fineweb-edu-sample,context,11791,11791,wikimedia-en,3.7920084506531644e-05
28027,0.1,fineweb-edu-sample,context,11989,11989,wikimedia-en,0.00013251853501557346
28027,0.1,fineweb-edu-sample,pc8_context,6745,6745,wikimedia-en,0.0012138908922733652
28027,0.1,fineweb-edu-sample,pc8_context,7878,7878,wikimedia-en,0.0005232964301221975
28027,0.1,fineweb-edu-sample,pc8_context,8046,8046,wikimedia-en,0.0002599571551677721
28027,0.1,fineweb-edu-sample,pc8_context,8113,8113,wikimedia-en,0.00018248490965822064
28027,0.1,fineweb-edu-sample,pc8_context,8236,8236,wikimedia-en,1.3692265051560278e-05
28027,0.1,fineweb-edu-sample,pc8_context,9526,9526,wikimedia-en,0.0004756471269251146
28027,0.1,fineweb-edu-sample,pc8_context,11791,11791,wikimedia-en,6.664454589662514e-06
28027,0.1,fineweb-edu-sample,pc8_context,11989,11989,wikimedia-en,0.00021396206573822034
28027,0.1,fineweb-edu-sample,scalar_gain,6745,6745,wikimedia-en,0.000615063469421619
28027,0.1,fineweb-edu-sample,scalar_gain,7878,7878,wikimedia-en,0.00037253787936632
28027,0.1,fineweb-edu-sample,scalar_gain,8046,8046,wikimedia-en,0.0003125927106038137
28027,0.1,fineweb-edu-sample,scalar_gain,8113,8113,wikimedia-en,0.00036691510826754396
28027,0.1,fineweb-edu-sample,scalar_gain,8236,8236,wikimedia-en,4.65947242643484e-06
28027,0.1,fineweb-edu-sample,scalar_gain,9526,9526,wikimedia-en,0.0003182856404544258
28027,0.1,fineweb-edu-sample,scalar_gain,11791,11791,wikimedia-en,3.358244264404865e-05
28027,0.1,fineweb-edu-sample,scalar_gain,11989,11989,wikimedia-en,0.00015796778591508322
28027,0.1,fineweb-edu-sample,pc8_only,6745,6745,wikimedia-en,0.0012141222516320216
28027,0.1,fineweb-edu-sample,pc8_only,7878,7878,wikimedia-en,0.000517916342128042
28027,0.1,fineweb-edu-sample,pc8_only,8046,8046,wikimedia-en,0.00027520076972992614
28027,0.1,fineweb-edu-sample,pc8_only,8113,8113,wikimedia-en,0.0001698507286393921
28027,0.1,fineweb-edu-sample,pc8_only,8236,8236,wikimedia-en,1.1491836068802785e-05
28027,0.1,fineweb-edu-sample,pc8_only,9526,9526,wikimedia-en,0.00045656497895253645
28027,0.1,fineweb-edu-sample,pc8_only,11791,11791,wikimedia-en,5.368065397507531e-06
28027,0.1,fineweb-edu-sample,pc8_only,11989,11989,wikimedia-en,0.00021966413029400112
28027,0.1,wikimedia-en,nuisance,3,3,fineweb-edu-sample,0.0004197926548537693
28027,0.1,wikimedia-en,nuisance,258,258,fineweb-edu-sample,0.0004979888870339048
28027,0.1,wikimedia-en,nuisance,831,831,fineweb-edu-sample,0.00032973111530373405
28027,0.1,wikimedia-en,nuisance,2850,2850,fineweb-edu-sample,0.00010991489069072126
28027,0.1,wikimedia-en,nuisance,4057,4057,fineweb-edu-sample,2.245123080997417e-05
28027,0.1,wikimedia-en,nuisance,4369,4369,fineweb-edu-sample,3.131936097960188e-05
28027,0.1,wikimedia-en,nuisance,4598,4598,fineweb-edu-sample,1.9600418289200035e-05
28027,0.1,wikimedia-en,nuisance,5284,5284,fineweb-edu-sample,7.079533020306165e-05
28027,0.1,wikimedia-en,context,3,3,fineweb-edu-sample,0.00040780492551641383
28027,0.1,wikimedia-en,context,258,258,fineweb-edu-sample,0.00047277871718869274
28027,0.1,wikimedia-en,context,831,831,fineweb-edu-sample,0.00033468685621452414
28027,0.1,wikimedia-en,context,2850,2850,fineweb-edu-sample,9.138875497162024e-05
28027,0.1,wikimedia-en,context,4057,4057,fineweb-edu-sample,2.443517366200725e-05
28027,0.1,wikimedia-en,context,4369,4369,fineweb-edu-sample,1.5693889886092966e-05
28027,0.1,wikimedia-en,context,4598,4598,fineweb-edu-sample,2.7976424764678015e-05
28027,0.1,wikimedia-en,context,5284,5284,fineweb-edu-sample,6.77912099629898e-05
28027,0.1,wikimedia-en,pc8_context,3,3,fineweb-edu-sample,0.0008226814323281035
28027,0.1,wikimedia-en,pc8_context,258,258,fineweb-edu-sample,0.0005451927826909949
28027,0.1,wikimedia-en,pc8_context,831,831,fineweb-edu-sample,0.0003457009320070114
28027,0.1,wikimedia-en,pc8_context,2850,2850,fineweb-edu-sample,0.00018987958725122392
28027,0.1,wikimedia-en,pc8_context,4057,4057,fineweb-edu-sample,2.2976423141302533e-05
28027,0.1,wikimedia-en,pc8_context,4369,4369,fineweb-edu-sample,0.0006207840630285033
28027,0.1,wikimedia-en,pc8_context,4598,4598,fineweb-edu-sample,3.210257870437176e-05
28027,0.1,wikimedia-en,pc8_context,5284,5284,fineweb-edu-sample,6.055661877221655e-05
28027,0.1,wikimedia-en,scalar_gain,3,3,fineweb-edu-sample,0.00032695483397093345
28027,0.1,wikimedia-en,scalar_gain,258,258,fineweb-edu-sample,0.0005470468015749582
28027,0.1,wikimedia-en,scalar_gain,831,831,fineweb-edu-sample,0.0006303616814543948
28027,0.1,wikimedia-en,scalar_gain,2850,2850,fineweb-edu-sample,7.953116876503727e-05
28027,0.1,wikimedia-en,scalar_gain,4057,4057,fineweb-edu-sample,8.90264114160593e-06
28027,0.1,wikimedia-en,scalar_gain,4369,4369,fineweb-edu-sample,2.098885918405905e-05
28027,0.1,wikimedia-en,scalar_gain,4598,4598,fineweb-edu-sample,3.10089155992535e-05
28027,0.1,wikimedia-en,scalar_gain,5284,5284,fineweb-edu-sample,9.267459735322338e-05
28027,0.1,wikimedia-en,pc8_only,3,3,fineweb-edu-sample,0.0008385816190097752
28027,0.1,wikimedia-en,pc8_only,258,258,fineweb-edu-sample,0.0005739397927124217
28027,0.1,wikimedia-en,pc8_only,831,831,fineweb-edu-sample,0.00035616446972920227
28027,0.1,wikimedia-en,pc8_only,2850,2850,fineweb-edu-sample,0.0002004430015526048
28027,0.1,wikimedia-en,pc8_only,4057,4057,fineweb-edu-sample,2.4091607060283346e-05
28027,0.1,wikimedia-en,pc8_only,4369,4369,fineweb-edu-sample,0.0006961919780702514
28027,0.1,wikimedia-en,pc8_only,4598,4598,fineweb-edu-sample,2.903055204362745e-05
28027,0.1,wikimedia-en,pc8_only,5284,5284,fineweb-edu-sample,5.9492730190892084e-05
