feature_id,direction,calibration,duplicate_group,source,zero_mse,fitted_mse
1645,approx_spectrum_matched,pooled,1506,fineweb-edu-sample,5.099764610605462,0.7167377971684097
1645,approx_spectrum_matched,pooled,1760,fineweb-edu-sample,5.819367018489174,11.859429740523897
1645,approx_spectrum_matched,pooled,2145,fineweb-edu-sample,0.7593150503915069,0.2948326567886461
1645,approx_spectrum_matched,pooled,3039,fineweb-edu-sample,0.4554135060175213,1.643888141222849
1645,approx_spectrum_matched,pooled,3941,fineweb-edu-sample,10.538082387157033,9.262829713529985
1645,approx_spectrum_matched,pooled,4577,fineweb-edu-sample,402.07122882662816,415.0285598827908
1645,approx_spectrum_matched,pooled,4759,fineweb-edu-sample,0.39166215382024916,3.3369322818832536
1645,approx_spectrum_matched,pooled,5639,fineweb-edu-sample,91.75551208073784,120.79297056560856
1645,approx_spectrum_matched,pooled,10203,wikimedia-en,53.276121491308004,69.41734522675213
1645,approx_spectrum_matched,pooled,10223,wikimedia-en,9.326343764826106,11.449202921787194
1645,approx_spectrum_matched,pooled,11372,wikimedia-en,0.36557125682179503,0.7079667022069636
1645,approx_spectrum_matched,pooled,11751,wikimedia-en,43.62655060852205,64.24409855171342
1645,approx_spectrum_matched,pooled,11822,wikimedia-en,35.1946955134963,25.71077499707863
1645,approx_spectrum_matched,pooled,6331,wikimedia-en,1.2914868623425946,6.249146272951922
1645,approx_spectrum_matched,pooled,6355,wikimedia-en,1.3955971400747558,0.441059892219986
1645,approx_spectrum_matched,pooled,6924,wikimedia-en,0.34809670701463347,1.5825099999866588
1645,approx_spectrum_matched,fineweb-edu-sample,10203,wikimedia-en,53.276121491308004,73.08206680378682
1645,approx_spectrum_matched,fineweb-edu-sample,10223,wikimedia-en,9.326343764826106,11.18325079496607
1645,approx_spectrum_matched,fineweb-edu-sample,11372,wikimedia-en,0.36557125682179503,2.0327124838903643
1645,approx_spectrum_matched,fineweb-edu-sample,11751,wikimedia-en,43.62655060852205,73.71839385439392
1645,approx_spectrum_matched,fineweb-edu-sample,11822,wikimedia-en,35.1946955134963,26.5965507380006
1645,approx_spectrum_matched,fineweb-edu-sample,6331,wikimedia-en,1.2914868623425946,9.932426722203402
1645,approx_spectrum_matched,fineweb-edu-sample,6355,wikimedia-en,1.3955971400747558,0.9166143180028286
1645,approx_spectrum_matched,fineweb-edu-sample,6924,wikimedia-en,0.34809670701463347,3.8157590751541903
1645,approx_spectrum_matched,wikimedia-en,1506,fineweb-edu-sample,5.099764610605462,2.192373213194543
1645,approx_spectrum_matched,wikimedia-en,1760,fineweb-edu-sample,5.819367018489174,10.619373976172852
1645,approx_spectrum_matched,wikimedia-en,2145,fineweb-edu-sample,0.7593150503915069,0.19698817688151848
1645,approx_spectrum_matched,wikimedia-en,3039,fineweb-edu-sample,0.4554135060175213,1.325401913110369
1645,approx_spectrum_matched,wikimedia-en,3941,fineweb-edu-sample,10.538082387157033,11.888444630958617
1645,approx_spectrum_matched,wikimedia-en,4577,fineweb-edu-sample,402.07122882662816,393.67299272052844
1645,approx_spectrum_matched,wikimedia-en,4759,fineweb-edu-sample,0.39166215382024916,1.3890366945545907
1645,approx_spectrum_matched,wikimedia-en,5639,fineweb-edu-sample,91.75551208073784,108.5981909896283
1645,leading_pc,pooled,1506,fineweb-edu-sample,52.552755841261956,42.860068872290285
1645,leading_pc,pooled,1760,fineweb-edu-sample,21.356291654672788,11.232741084403822
1645,leading_pc,pooled,2145,fineweb-edu-sample,66.90702960554518,62.43396804557662
1645,leading_pc,pooled,3039,fineweb-edu-sample,1.3646920149490427,2.85473247831243
1645,leading_pc,pooled,3941,fineweb-edu-sample,21.176167814829228,13.245595094262333
1645,leading_pc,pooled,4577,fineweb-edu-sample,2428.559733864688,2307.644835661886
1645,leading_pc,pooled,4759,fineweb-edu-sample,7.060848989937085,12.689760368904748
1645,leading_pc,pooled,5639,fineweb-edu-sample,77.24046363932757,57.114228344383804
1645,leading_pc,pooled,10203,wikimedia-en,63.96864016444681,77.47970466005955
1645,leading_pc,pooled,10223,wikimedia-en,53.39159253736625,49.886080998389275
1645,leading_pc,pooled,11372,wikimedia-en,3.6578846516199803,8.245757765383901
1645,leading_pc,pooled,11751,wikimedia-en,28.903026860760406,22.980515013553205
1645,leading_pc,pooled,11822,wikimedia-en,58.40311833260614,66.91407342325657
1645,leading_pc,pooled,6331,wikimedia-en,3.734505710895064,0.8774517437793589
1645,leading_pc,pooled,6355,wikimedia-en,42.06941444095946,30.509473429711846
1645,leading_pc,pooled,6924,wikimedia-en,2.796270061722339,2.5824227353910683
1645,leading_pc,fineweb-edu-sample,10203,wikimedia-en,63.96864016444681,104.2401667386561
1645,leading_pc,fineweb-edu-sample,10223,wikimedia-en,53.39159253736625,38.69222268609862
1645,leading_pc,fineweb-edu-sample,11372,wikimedia-en,3.6578846516199803,13.464244500716038
1645,leading_pc,fineweb-edu-sample,11751,wikimedia-en,28.903026860760406,13.753669467597707
1645,leading_pc,fineweb-edu-sample,11822,wikimedia-en,58.40311833260614,90.12120751822339
1645,leading_pc,fineweb-edu-sample,6331,wikimedia-en,3.734505710895064,0.5309613342885378
1645,leading_pc,fineweb-edu-sample,6355,wikimedia-en,42.06941444095946,16.985777690881054
1645,leading_pc,fineweb-edu-sample,6924,wikimedia-en,2.796270061722339,3.5112549173210716
1645,leading_pc,wikimedia-en,1506,fineweb-edu-sample,52.552755841261956,61.76262205574018
1645,leading_pc,wikimedia-en,1760,fineweb-edu-sample,21.356291654672788,19.643226111067115
1645,leading_pc,wikimedia-en,2145,fineweb-edu-sample,66.90702960554518,79.98257017930582
1645,leading_pc,wikimedia-en,3039,fineweb-edu-sample,1.3646920149490427,3.969922652648228
1645,leading_pc,wikimedia-en,3941,fineweb-edu-sample,21.176167814829228,25.515430180401978
1645,leading_pc,wikimedia-en,4577,fineweb-edu-sample,2428.559733864688,2394.963798310647
1645,leading_pc,wikimedia-en,4759,fineweb-edu-sample,7.060848989937085,4.511799910268676
1645,leading_pc,wikimedia-en,5639,fineweb-edu-sample,77.24046363932757,80.22094248786443
1645,learned,pooled,1506,fineweb-edu-sample,76.69828114842403,60.62979511981155
1645,learned,pooled,1760,fineweb-edu-sample,17.484524196920148,6.924539005944211
1645,learned,pooled,2145,fineweb-edu-sample,3.95461988667023,1.8313801977438287
1645,learned,pooled,3039,fineweb-edu-sample,49.21149991510276,35.636588400585545
1645,learned,pooled,3941,fineweb-edu-sample,28.71620639588457,44.43658201594598
1645,learned,pooled,4577,fineweb-edu-sample,1474.2376851089034,1596.8899579499612
1645,learned,pooled,4759,fineweb-edu-sample,8.302287931361008,23.100080644407676
1645,learned,pooled,5639,fineweb-edu-sample,307.8320513694166,288.89498151521593
1645,learned,pooled,10203,wikimedia-en,81.9991006792975,105.35802806879886
1645,learned,pooled,10223,wikimedia-en,30.505796679847208,27.956381345924445
1645,learned,pooled,11372,wikimedia-en,24.22418842940033,9.379932509852654
1645,learned,pooled,11751,wikimedia-en,75.31208717637128,45.444571250137855
1645,learned,pooled,11822,wikimedia-en,77.16778677746561,61.34273084515591
1645,learned,pooled,6331,wikimedia-en,11.270074743663372,3.688462217240132
1645,learned,pooled,6355,wikimedia-en,3.100624725860257,4.882842855965033
1645,learned,pooled,6924,wikimedia-en,5.914558087738442,0.6023804302330432
1645,learned,fineweb-edu-sample,10203,wikimedia-en,81.9991006792975,91.86787806728103
1645,learned,fineweb-edu-sample,10223,wikimedia-en,30.505796679847208,35.4877437789558
1645,learned,fineweb-edu-sample,11372,wikimedia-en,24.22418842940033,21.5078296903759
1645,learned,fineweb-edu-sample,11751,wikimedia-en,75.31208717637128,72.7039206205593
1645,learned,fineweb-edu-sample,11822,wikimedia-en,77.16778677746561,68.21770797918458
1645,learned,fineweb-edu-sample,6331,wikimedia-en,11.270074743663372,8.747733671460312
1645,learned,fineweb-edu-sample,6355,wikimedia-en,3.100624725860257,1.4919081630371256
1645,learned,fineweb-edu-sample,6924,wikimedia-en,5.914558087738442,5.961044005770022
1645,learned,wikimedia-en,1506,fineweb-edu-sample,76.69828114842403,45.69290398218767
1645,learned,wikimedia-en,1760,fineweb-edu-sample,17.484524196920148,2.1343545653432217
1645,learned,wikimedia-en,2145,fineweb-edu-sample,3.95461988667023,5.310259653258653
1645,learned,wikimedia-en,3039,fineweb-edu-sample,49.21149991510276,24.66085635980525
1645,learned,wikimedia-en,3941,fineweb-edu-sample,28.71620639588457,69.67707072706025
1645,learned,wikimedia-en,4577,fineweb-edu-sample,1474.2376851089034,1737.186623428956
1645,learned,wikimedia-en,4759,fineweb-edu-sample,8.302287931361008,42.598224497182585
1645,learned,wikimedia-en,5639,fineweb-edu-sample,307.8320513694166,295.2604334235734
1645,random_0,pooled,1506,fineweb-edu-sample,65.66084474179945,54.681267849092734
1645,random_0,pooled,1760,fineweb-edu-sample,25.897796487317493,28.667523966146092
1645,random_0,pooled,2145,fineweb-edu-sample,3.5429790057328603,1.3415207468937123
1645,random_0,pooled,3039,fineweb-edu-sample,2.865839807686399,6.758020525758981
1645,random_0,pooled,3941,fineweb-edu-sample,3.978865047216118,1.2580231387327583
1645,random_0,pooled,4577,fineweb-edu-sample,320.76628006194596,355.1752657417629
1645,random_0,pooled,4759,fineweb-edu-sample,10.745415667035019,6.951369314183234
1645,random_0,pooled,5639,fineweb-edu-sample,137.07193070899848,113.20566764756907
1645,random_0,pooled,10203,wikimedia-en,13.598961238869833,7.803461036641826
1645,random_0,pooled,10223,wikimedia-en,17.158346750534292,20.685157144666526
1645,random_0,pooled,11372,wikimedia-en,1.7190318466475674,0.14850478653911925
1645,random_0,pooled,11751,wikimedia-en,149.27674187958928,127.43650240594657
1645,random_0,pooled,11822,wikimedia-en,23.295099005338216,15.960696872112726
1645,random_0,pooled,6331,wikimedia-en,2.3348907252085382,0.2141449858151373
1645,random_0,pooled,6355,wikimedia-en,3.521040213172455,1.3853822302279521
1645,random_0,pooled,6924,wikimedia-en,1.6950425352213472,1.7614782403963662
1645,random_0,fineweb-edu-sample,10203,wikimedia-en,13.598961238869833,11.639770433752306
1645,random_0,fineweb-edu-sample,10223,wikimedia-en,17.158346750534292,14.607353657353217
1645,random_0,fineweb-edu-sample,11372,wikimedia-en,1.7190318466475674,1.3243857082401167
1645,random_0,fineweb-edu-sample,11751,wikimedia-en,149.27674187958928,139.28659685905066
1645,random_0,fineweb-edu-sample,11822,wikimedia-en,23.295099005338216,12.933973888379358
1645,random_0,fineweb-edu-sample,6331,wikimedia-en,2.3348907252085382,0.8048639559554704
1645,random_0,fineweb-edu-sample,6355,wikimedia-en,3.521040213172455,3.7901810552576354
1645,random_0,fineweb-edu-sample,6924,wikimedia-en,1.6950425352213472,0.38508468461206924
1645,random_0,wikimedia-en,1506,fineweb-edu-sample,65.66084474179945,63.287743430985586
1645,random_0,wikimedia-en,1760,fineweb-edu-sample,25.897796487317493,21.865388759902125
1645,random_0,wikimedia-en,2145,fineweb-edu-sample,3.5429790057328603,3.479329069057402
1645,random_0,wikimedia-en,3039,fineweb-edu-sample,2.865839807686399,6.182882368623021
1645,random_0,wikimedia-en,3941,fineweb-edu-sample,3.978865047216118,0.3939318768755862
1645,random_0,wikimedia-en,4577,fineweb-edu-sample,320.76628006194596,373.36550366127295
1645,random_0,wikimedia-en,4759,fineweb-edu-sample,10.745415667035019,10.91471763112889
1645,random_0,wikimedia-en,5639,fineweb-edu-sample,137.07193070899848,110.2595693444966
1645,random_1,pooled,1506,fineweb-edu-sample,30.24116441707747,23.416785744018522
1645,random_1,pooled,1760,fineweb-edu-sample,1.4968612664922887,1.5219508466227798
1645,random_1,pooled,2145,fineweb-edu-sample,8.36372393786533,4.725737726913106
1645,random_1,pooled,3039,fineweb-edu-sample,4.634227943611791,5.347318456356067
1645,random_1,pooled,3941,fineweb-edu-sample,43.79374320429008,36.52083964499931
1645,random_1,pooled,4577,fineweb-edu-sample,37.593198300100994,30.22109568039978
1645,random_1,pooled,4759,fineweb-edu-sample,7.105540583030034,3.8184129888488987
1645,random_1,pooled,5639,fineweb-edu-sample,401.02022485832833,402.36327716902144
1645,random_1,pooled,10203,wikimedia-en,144.58463288669066,128.8515734948429
1645,random_1,pooled,10223,wikimedia-en,124.8357458649707,141.23321008607283
1645,random_1,pooled,11372,wikimedia-en,2.5955590832182907,0.8180112942516443
1645,random_1,pooled,11751,wikimedia-en,40.83104469287946,34.41417530924453
1645,random_1,pooled,11822,wikimedia-en,0.27450885120572366,0.1067230691546156
1645,random_1,pooled,6331,wikimedia-en,20.098512983679484,14.596516948678708
1645,random_1,pooled,6355,wikimedia-en,12.533884374832382,7.97405131935415
1645,random_1,pooled,6924,wikimedia-en,3.0784880853396146,1.1664537783954292
1645,random_1,fineweb-edu-sample,10203,wikimedia-en,144.58463288669066,118.4403578417259
1645,random_1,fineweb-edu-sample,10223,wikimedia-en,124.8357458649707,155.4738735664307
1645,random_1,fineweb-edu-sample,11372,wikimedia-en,2.5955590832182907,0.06107870556548711
1645,random_1,fineweb-edu-sample,11751,wikimedia-en,40.83104469287946,27.249255655364955
1645,random_1,fineweb-edu-sample,11822,wikimedia-en,0.27450885120572366,1.0301439962445702
1645,random_1,fineweb-edu-sample,6331,wikimedia-en,20.098512983679484,9.751789175199699
1645,random_1,fineweb-edu-sample,6355,wikimedia-en,12.533884374832382,4.713906894521225
1645,random_1,fineweb-edu-sample,6924,wikimedia-en,3.0784880853396146,0.14670303119523886
1645,random_1,wikimedia-en,1506,fineweb-edu-sample,30.24116441707747,30.656579873090948
1645,random_1,wikimedia-en,1760,fineweb-edu-sample,1.4968612664922887,2.2221671110780883
1645,random_1,wikimedia-en,2145,fineweb-edu-sample,8.36372393786533,7.827018745333591
1645,random_1,wikimedia-en,3039,fineweb-edu-sample,4.634227943611791,3.48757088362156
1645,random_1,wikimedia-en,3941,fineweb-edu-sample,43.79374320429008,45.183003973360556
1645,random_1,wikimedia-en,4577,fineweb-edu-sample,37.593198300100994,38.34829513158638
1645,random_1,wikimedia-en,4759,fineweb-edu-sample,7.105540583030034,6.947956950532907
1645,random_1,wikimedia-en,5639,fineweb-edu-sample,401.02022485832833,412.9979399711617
1645,random_2,pooled,1506,fineweb-edu-sample,2.5349315322387156,2.5761990366263836
1645,random_2,pooled,1760,fineweb-edu-sample,2.6529788148543787,4.553234688316546
1645,random_2,pooled,2145,fineweb-edu-sample,9.748877378257248,6.760053605310914
1645,random_2,pooled,3039,fineweb-edu-sample,1.5061159004403635,3.6026101014347693
1645,random_2,pooled,3941,fineweb-edu-sample,2.244962111319637,1.615331126721478
1645,random_2,pooled,4577,fineweb-edu-sample,1473.199268531289,1517.7048286790525
1645,random_2,pooled,4759,fineweb-edu-sample,3.1792840418098933,4.203874720472636
1645,random_2,pooled,5639,fineweb-edu-sample,205.21540859874676,214.14131572159053
1645,random_2,pooled,10203,wikimedia-en,182.0869322060048,177.30106409250163
1645,random_2,pooled,10223,wikimedia-en,8.316860920842828,8.157652994529933
1645,random_2,pooled,11372,wikimedia-en,0.19935232842271944,1.1296891720708606
1645,random_2,pooled,11751,wikimedia-en,36.706641518335914,31.712694726656125
1645,random_2,pooled,11822,wikimedia-en,45.53982240196319,53.88955585825146
1645,random_2,pooled,6331,wikimedia-en,1.5208183814507947,3.6151687634339984
1645,random_2,pooled,6355,wikimedia-en,3.048153617513094,5.306472733642223
1645,random_2,pooled,6924,wikimedia-en,2.2376750195007844,3.9297771761998694
1645,random_2,fineweb-edu-sample,10203,wikimedia-en,182.0869322060048,187.24074909895472
1645,random_2,fineweb-edu-sample,10223,wikimedia-en,8.316860920842828,6.581767881513878
1645,random_2,fineweb-edu-sample,11372,wikimedia-en,0.19935232842271944,0.7540753938217737
1645,random_2,fineweb-edu-sample,11751,wikimedia-en,36.706641518335914,36.945316669673154
1645,random_2,fineweb-edu-sample,11822,wikimedia-en,45.53982240196319,47.471675361038244
1645,random_2,fineweb-edu-sample,6331,wikimedia-en,1.5208183814507947,2.556617892196522
1645,random_2,fineweb-edu-sample,6355,wikimedia-en,3.048153617513094,4.701622999953026
1645,random_2,fineweb-edu-sample,6924,wikimedia-en,2.2376750195007844,3.664989964541343
1645,random_2,wikimedia-en,1506,fineweb-edu-sample,2.5349315322387156,3.9484469337228156
1645,random_2,wikimedia-en,1760,fineweb-edu-sample,2.6529788148543787,5.329388415888092
1645,random_2,wikimedia-en,2145,fineweb-edu-sample,9.748877378257248,6.634261892381199
1645,random_2,wikimedia-en,3039,fineweb-edu-sample,1.5061159004403635,5.126750247753941
1645,random_2,wikimedia-en,3941,fineweb-edu-sample,2.244962111319637,1.0083047511169618
1645,random_2,wikimedia-en,4577,fineweb-edu-sample,1473.199268531289,1553.5150170256986
1645,random_2,wikimedia-en,4759,fineweb-edu-sample,3.1792840418098933,4.217731551549308
1645,random_2,wikimedia-en,5639,fineweb-edu-sample,205.21540859874676,226.75879388454194
1645,shuffled_labels,pooled,1506,fineweb-edu-sample,38.05671196488447,29.674898804413207
1645,shuffled_labels,pooled,1760,fineweb-edu-sample,15.485785796798268,8.97359962621913
1645,shuffled_labels,pooled,2145,fineweb-edu-sample,6.922810147358405,23.971272968784096
1645,shuffled_labels,pooled,3039,fineweb-edu-sample,3.91861262016846,0.4455952069132296
1645,shuffled_labels,pooled,3941,fineweb-edu-sample,13.191521027522413,8.961000350152236
1645,shuffled_labels,pooled,4577,fineweb-edu-sample,204.69868795913726,152.40821251123748
1645,shuffled_labels,pooled,4759,fineweb-edu-sample,3.3186583530131486,7.780439068197364
1645,shuffled_labels,pooled,5639,fineweb-edu-sample,60.39361523768605,31.316575989495664
1645,shuffled_labels,pooled,10203,wikimedia-en,79.3467973654316,91.36889468859545
1645,shuffled_labels,pooled,10223,wikimedia-en,7.061842616451486,3.588415644142917
1645,shuffled_labels,pooled,11372,wikimedia-en,3.750491732734673,2.3080470755304505
1645,shuffled_labels,pooled,11751,wikimedia-en,28.308328753112733,49.31160065720086
1645,shuffled_labels,pooled,11822,wikimedia-en,24.492675814613563,20.305569414971746
1645,shuffled_labels,pooled,6331,wikimedia-en,7.622232134352203,0.6117447692438605
1645,shuffled_labels,pooled,6355,wikimedia-en,6.601368825798204,0.1612244699550347
1645,shuffled_labels,pooled,6924,wikimedia-en,2.7921428298327555,1.2357501257415082
1645,shuffled_labels,fineweb-edu-sample,10203,wikimedia-en,79.3467973654316,87.04419587535205
1645,shuffled_labels,fineweb-edu-sample,10223,wikimedia-en,7.061842616451486,3.453638676598203
1645,shuffled_labels,fineweb-edu-sample,11372,wikimedia-en,3.750491732734673,1.6940262004272455
1645,shuffled_labels,fineweb-edu-sample,11751,wikimedia-en,28.308328753112733,42.85051650332328
1645,shuffled_labels,fineweb-edu-sample,11822,wikimedia-en,24.492675814613563,20.468352795122158
1645,shuffled_labels,fineweb-edu-sample,6331,wikimedia-en,7.622232134352203,1.4498846934163367
1645,shuffled_labels,fineweb-edu-sample,6355,wikimedia-en,6.601368825798204,0.8430565945349855
1645,shuffled_labels,fineweb-edu-sample,6924,wikimedia-en,2.7921428298327555,0.6163159940175689
1645,shuffled_labels,wikimedia-en,1506,fineweb-edu-sample,38.05671196488447,29.305251253941567
1645,shuffled_labels,wikimedia-en,1760,fineweb-edu-sample,15.485785796798268,8.949680684822159
1645,shuffled_labels,wikimedia-en,2145,fineweb-edu-sample,6.922810147358405,30.19622415473266
1645,shuffled_labels,wikimedia-en,3039,fineweb-edu-sample,3.91861262016846,1.2810236567628586
1645,shuffled_labels,wikimedia-en,3941,fineweb-edu-sample,13.191521027522413,9.536308696322937
1645,shuffled_labels,wikimedia-en,4577,fineweb-edu-sample,204.69868795913726,140.5309977389746
1645,shuffled_labels,wikimedia-en,4759,fineweb-edu-sample,3.3186583530131486,10.721913062339272
1645,shuffled_labels,wikimedia-en,5639,fineweb-edu-sample,60.39361523768605,25.38216835407114
2966,approx_spectrum_matched,pooled,1007,fineweb-edu-sample,0.04908817352600181,0.034917378698498536
2966,approx_spectrum_matched,pooled,2850,fineweb-edu-sample,0.10768392399995719,0.08202795247387595
2966,approx_spectrum_matched,pooled,3500,fineweb-edu-sample,0.05403446978746729,0.06345161794769905
2966,approx_spectrum_matched,pooled,3855,fineweb-edu-sample,0.2541429751090618,0.22811863047318692
2966,approx_spectrum_matched,pooled,4600,fineweb-edu-sample,0.3981627472171567,0.39781261156231207
2966,approx_spectrum_matched,pooled,5107,fineweb-edu-sample,0.47583831275233024,0.42915707192288377
2966,approx_spectrum_matched,pooled,5762,fineweb-edu-sample,0.03526501046735575,0.04644319932974039
2966,approx_spectrum_matched,pooled,5889,fineweb-edu-sample,0.05402726088732379,0.06483252317120158
2966,approx_spectrum_matched,pooled,10114,wikimedia-en,0.5405967229421549,0.47218870018357617
2966,approx_spectrum_matched,pooled,10156,wikimedia-en,0.1589874756291465,0.1627200921106714
2966,approx_spectrum_matched,pooled,10297,wikimedia-en,0.1192989884657436,0.10932329557074294
2966,approx_spectrum_matched,pooled,11437,wikimedia-en,0.04383592866474828,0.06007410406801139
2966,approx_spectrum_matched,pooled,11490,wikimedia-en,0.014860910724223686,0.0038365872024465064
2966,approx_spectrum_matched,pooled,6181,wikimedia-en,0.1646200331606451,0.12072822257354343
2966,approx_spectrum_matched,pooled,9855,wikimedia-en,0.4804895823440347,0.45280670017862346
2966,approx_spectrum_matched,pooled,9915,wikimedia-en,0.4799693460455501,0.541353341420095
2966,approx_spectrum_matched,fineweb-edu-sample,10114,wikimedia-en,0.5405967229421549,0.6076740113880597
2966,approx_spectrum_matched,fineweb-edu-sample,10156,wikimedia-en,0.1589874756291465,0.23624207284855814
2966,approx_spectrum_matched,fineweb-edu-sample,10297,wikimedia-en,0.1192989884657436,0.18113896854687894
2966,approx_spectrum_matched,fineweb-edu-sample,11437,wikimedia-en,0.04383592866474828,0.022625481765903288
2966,approx_spectrum_matched,fineweb-edu-sample,11490,wikimedia-en,0.014860910724223686,0.019090040048741486
2966,approx_spectrum_matched,fineweb-edu-sample,6181,wikimedia-en,0.1646200331606451,0.14707847190154055
2966,approx_spectrum_matched,fineweb-edu-sample,9855,wikimedia-en,0.4804895823440347,0.5937705587766295
2966,approx_spectrum_matched,fineweb-edu-sample,9915,wikimedia-en,0.4799693460455501,0.5863173727083115
2966,approx_spectrum_matched,wikimedia-en,1007,fineweb-edu-sample,0.04908817352600181,0.007659178048735615
2966,approx_spectrum_matched,wikimedia-en,2850,fineweb-edu-sample,0.10768392399995719,0.03607104535202632
2966,approx_spectrum_matched,wikimedia-en,3500,fineweb-edu-sample,0.05403446978746729,0.04406358187353243
2966,approx_spectrum_matched,wikimedia-en,3855,fineweb-edu-sample,0.2541429751090618,0.1435488591119971
2966,approx_spectrum_matched,wikimedia-en,4600,fineweb-edu-sample,0.3981627472171567,0.5200827920340267
2966,approx_spectrum_matched,wikimedia-en,5107,fineweb-edu-sample,0.47583831275233024,0.3092545767038879
2966,approx_spectrum_matched,wikimedia-en,5762,fineweb-edu-sample,0.03526501046735575,0.03725501161039313
2966,approx_spectrum_matched,wikimedia-en,5889,fineweb-edu-sample,0.05402726088732379,0.12529841173641865
2966,leading_pc,pooled,1007,fineweb-edu-sample,0.03994678365870641,0.037837544252308786
2966,leading_pc,pooled,2850,fineweb-edu-sample,0.12526041359706142,0.0017452713042126478
2966,leading_pc,pooled,3500,fineweb-edu-sample,0.13162473821992648,0.0021142955042990907
2966,leading_pc,pooled,3855,fineweb-edu-sample,0.11011611178446401,0.34888715720778063
2966,leading_pc,pooled,4600,fineweb-edu-sample,0.23595978859702882,0.135536414801532
2966,leading_pc,pooled,5107,fineweb-edu-sample,0.020362456609746005,0.23907231931803719
2966,leading_pc,pooled,5762,fineweb-edu-sample,0.14591455688162114,0.21073604476902486
2966,leading_pc,pooled,5889,fineweb-edu-sample,0.13753727046150743,0.5079713583534123
2966,leading_pc,pooled,10114,wikimedia-en,1.3288809697087345,0.6407460384928038
2966,leading_pc,pooled,10156,wikimedia-en,0.579496209240915,0.6549190243888142
2966,leading_pc,pooled,10297,wikimedia-en,0.04698160438465493,0.31916060643129296
2966,leading_pc,pooled,11437,wikimedia-en,0.07505140509067587,0.289642527672232
2966,leading_pc,pooled,11490,wikimedia-en,0.13915760099791896,0.2790606030023818
2966,leading_pc,pooled,6181,wikimedia-en,0.0025131186021098983,0.11746093435578697
2966,leading_pc,pooled,9855,wikimedia-en,0.007383910372027458,0.18868867073147666
2966,leading_pc,pooled,9915,wikimedia-en,0.10585817911135109,0.410696230733823
2966,leading_pc,fineweb-edu-sample,10114,wikimedia-en,1.3288809697087345,0.5041842916775341
2966,leading_pc,fineweb-edu-sample,10156,wikimedia-en,0.579496209240915,0.8758394791918978
2966,leading_pc,fineweb-edu-sample,10297,wikimedia-en,0.04698160438465493,0.5057999210855701
2966,leading_pc,fineweb-edu-sample,11437,wikimedia-en,0.07505140509067587,0.5056806884617959
2966,leading_pc,fineweb-edu-sample,11490,wikimedia-en,0.13915760099791896,0.3836288149650091
2966,leading_pc,fineweb-edu-sample,6181,wikimedia-en,0.0025131186021098983,0.25940534789659075
2966,leading_pc,fineweb-edu-sample,9855,wikimedia-en,0.007383910372027458,0.3476360399823353
2966,leading_pc,fineweb-edu-sample,9915,wikimedia-en,0.10585817911135109,0.5973101196155017
2966,leading_pc,wikimedia-en,1007,fineweb-edu-sample,0.03994678365870641,0.007626913857416984
2966,leading_pc,wikimedia-en,2850,fineweb-edu-sample,0.12526041359706142,0.021254137207160628
2966,leading_pc,wikimedia-en,3500,fineweb-edu-sample,0.13162473821992648,0.017986570656491896
2966,leading_pc,wikimedia-en,3855,fineweb-edu-sample,0.11011611178446401,0.2567109885567853
2966,leading_pc,wikimedia-en,4600,fineweb-edu-sample,0.23595978859702882,0.09776100560326961
2966,leading_pc,wikimedia-en,5107,fineweb-edu-sample,0.020362456609746005,0.10055704145056632
2966,leading_pc,wikimedia-en,5762,fineweb-edu-sample,0.14591455688162114,0.1968446986314043
2966,leading_pc,wikimedia-en,5889,fineweb-edu-sample,0.13753727046150743,0.29006482247379006
2966,learned,pooled,1007,fineweb-edu-sample,0.007043093219749608,0.012161693132162893
2966,learned,pooled,2850,fineweb-edu-sample,0.03798461989390489,0.08035617469386372
2966,learned,pooled,3500,fineweb-edu-sample,0.23278313721064592,0.17708348460558979
2966,learned,pooled,3855,fineweb-edu-sample,0.06887356107654341,0.11519269147624092
2966,learned,pooled,4600,fineweb-edu-sample,0.08095038595001824,0.04223970815524572
2966,learned,pooled,5107,fineweb-edu-sample,0.04051000956906137,0.07621475559731541
2966,learned,pooled,5762,fineweb-edu-sample,0.04534403963418754,0.08028286083887684
2966,learned,pooled,5889,fineweb-edu-sample,0.06790907747245001,0.04145277219440649
2966,learned,pooled,10114,wikimedia-en,0.30155150199107084,0.23738442054459588
2966,learned,pooled,10156,wikimedia-en,0.16177548900486727,0.18499086715988503
2966,learned,pooled,10297,wikimedia-en,0.0051128683509205075,0.021732918055895195
2966,learned,pooled,11437,wikimedia-en,0.0065216632094688975,0.02958442594418534
2966,learned,pooled,11490,wikimedia-en,0.10566387942390065,0.06419090290603682
2966,learned,pooled,6181,wikimedia-en,0.03824943917152268,0.02093537918761504
2966,learned,pooled,9855,wikimedia-en,0.007856399975025852,0.011918507493869496
2966,learned,pooled,9915,wikimedia-en,0.0632103454023536,0.10047494784131208
2966,learned,fineweb-edu-sample,10114,wikimedia-en,0.30155150199107084,0.3259905932140317
2966,learned,fineweb-edu-sample,10156,wikimedia-en,0.16177548900486727,0.13635970533276698
2966,learned,fineweb-edu-sample,10297,wikimedia-en,0.0051128683509205075,0.0028275089214435667
2966,learned,fineweb-edu-sample,11437,wikimedia-en,0.0065216632094688975,0.007661153517135588
2966,learned,fineweb-edu-sample,11490,wikimedia-en,0.10566387942390065,0.11704654981348206
2966,learned,fineweb-edu-sample,6181,wikimedia-en,0.03824943917152268,0.028942866353576235
2966,learned,fineweb-edu-sample,9855,wikimedia-en,0.007856399975025852,0.0029735099105199225
2966,learned,fineweb-edu-sample,9915,wikimedia-en,0.0632103454023536,0.052100894293305444
2966,learned,wikimedia-en,1007,fineweb-edu-sample,0.007043093219749608,0.028304603704246145
2966,learned,wikimedia-en,2850,fineweb-edu-sample,0.03798461989390489,0.14196761637282063
2966,learned,wikimedia-en,3500,fineweb-edu-sample,0.23278313721064592,0.11768414530551052
2966,learned,wikimedia-en,3855,fineweb-edu-sample,0.06887356107654341,0.1876101017195958
2966,learned,wikimedia-en,4600,fineweb-edu-sample,0.08095038595001824,0.0305159264957916
2966,learned,wikimedia-en,5107,fineweb-edu-sample,0.04051000956906137,0.13666714186906515
2966,learned,wikimedia-en,5762,fineweb-edu-sample,0.04534403963418754,0.11986011154603571
2966,learned,wikimedia-en,5889,fineweb-edu-sample,0.06790907747245001,0.04535921642630225
2966,random_0,pooled,1007,fineweb-edu-sample,0.002633683493513672,0.017022889084884057
2966,random_0,pooled,2850,fineweb-edu-sample,0.20236247166849353,0.11240914930864612
2966,random_0,pooled,3500,fineweb-edu-sample,0.03551670069157353,0.081074685340677
2966,random_0,pooled,3855,fineweb-edu-sample,0.11689202494835627,0.21172422769210122
2966,random_0,pooled,4600,fineweb-edu-sample,0.12761785939119363,0.19225901302976148
2966,random_0,pooled,5107,fineweb-edu-sample,0.05200187302989434,0.01000949333184245
2966,random_0,pooled,5762,fineweb-edu-sample,0.6126403206963005,0.4890339665307615
2966,random_0,pooled,5889,fineweb-edu-sample,0.005238213418579107,0.04415827713254508
2966,random_0,pooled,10114,wikimedia-en,1.3654618911118632,1.6978591698001317
2966,random_0,pooled,10156,wikimedia-en,0.08433583076339346,0.18419702317628087
2966,random_0,pooled,10297,wikimedia-en,0.009280952895096561,0.025545998636345574
2966,random_0,pooled,11437,wikimedia-en,0.2328308728039019,0.12163521638563005
2966,random_0,pooled,11490,wikimedia-en,0.1235992730386215,0.14362320137394427
2966,random_0,pooled,6181,wikimedia-en,0.05241659550847544,0.12936092051761897
2966,random_0,pooled,9855,wikimedia-en,0.026989432910795585,0.05130519907569145
2966,random_0,pooled,9915,wikimedia-en,0.3456692230230374,0.24008798786600075
2966,random_0,fineweb-edu-sample,10114,wikimedia-en,1.3654618911118632,1.589535172243084
2966,random_0,fineweb-edu-sample,10156,wikimedia-en,0.08433583076339346,0.1488801089979952
2966,random_0,fineweb-edu-sample,10297,wikimedia-en,0.009280952895096561,0.016453827501872187
2966,random_0,fineweb-edu-sample,11437,wikimedia-en,0.2328308728039019,0.1520830000614759
2966,random_0,fineweb-edu-sample,11490,wikimedia-en,0.1235992730386215,0.1327842543488722
2966,random_0,fineweb-edu-sample,6181,wikimedia-en,0.05241659550847544,0.10132068193474675
2966,random_0,fineweb-edu-sample,9855,wikimedia-en,0.026989432910795585,0.03936722534764181
2966,random_0,fineweb-edu-sample,9915,wikimedia-en,0.3456692230230374,0.26940742445941135
2966,random_0,wikimedia-en,1007,fineweb-edu-sample,0.002633683493513672,0.02934706201836168
2966,random_0,wikimedia-en,2850,fineweb-edu-sample,0.20236247166849353,0.09193253215807051
2966,random_0,wikimedia-en,3500,fineweb-edu-sample,0.03551670069157353,0.10298509424584712
2966,random_0,wikimedia-en,3855,fineweb-edu-sample,0.11689202494835627,0.24949517331458726
2966,random_0,wikimedia-en,4600,fineweb-edu-sample,0.12761785939119363,0.2199303744832709
2966,random_0,wikimedia-en,5107,fineweb-edu-sample,0.05200187302989434,0.004715441053251834
2966,random_0,wikimedia-en,5762,fineweb-edu-sample,0.6126403206963005,0.4575723801126391
2966,random_0,wikimedia-en,5889,fineweb-edu-sample,0.005238213418579107,0.06418550992266792
2966,random_1,pooled,1007,fineweb-edu-sample,0.06230190052747275,0.07962481724313464
2966,random_1,pooled,2850,fineweb-edu-sample,0.07228484832921822,0.007495251145434034
2966,random_1,pooled,3500,fineweb-edu-sample,0.2575198583265603,0.47085233479196575
2966,random_1,pooled,3855,fineweb-edu-sample,0.1208391111617857,0.09211946256151848
2966,random_1,pooled,4600,fineweb-edu-sample,0.05346780795889572,0.1438736421700837
2966,random_1,pooled,5107,fineweb-edu-sample,0.5710606743036806,0.8645864609281573
2966,random_1,pooled,5762,fineweb-edu-sample,0.020825737578888948,0.0668077296296643
2966,random_1,pooled,5889,fineweb-edu-sample,0.01583907760505099,0.017837259728287203
2966,random_1,pooled,10114,wikimedia-en,0.10872356170921194,0.029629678103409995
2966,random_1,pooled,10156,wikimedia-en,0.06730068946581014,0.010921573926486738
2966,random_1,pooled,10297,wikimedia-en,0.05102131162004753,0.15357958832798446
2966,random_1,pooled,11437,wikimedia-en,0.04966883615509232,0.06569301653006066
2966,random_1,pooled,11490,wikimedia-en,0.10022575480661544,0.02797592363670831
2966,random_1,pooled,6181,wikimedia-en,0.013515048635781568,0.028297558133522083
2966,random_1,pooled,9855,wikimedia-en,0.02309096913677422,0.0010704431264996206
2966,random_1,pooled,9915,wikimedia-en,0.12052776021675982,0.039832853186011485
2966,random_1,fineweb-edu-sample,10114,wikimedia-en,0.10872356170921194,0.011334605476420734
2966,random_1,fineweb-edu-sample,10156,wikimedia-en,0.06730068946581014,0.014296401618096866
2966,random_1,fineweb-edu-sample,10297,wikimedia-en,0.05102131162004753,0.2735499775585737
2966,random_1,fineweb-edu-sample,11437,wikimedia-en,0.04966883615509232,0.11404506339296461
2966,random_1,fineweb-edu-sample,11490,wikimedia-en,0.10022575480661544,0.020974616932178947
2966,random_1,fineweb-edu-sample,6181,wikimedia-en,0.013515048635781568,0.07862846485018338
2966,random_1,fineweb-edu-sample,9855,wikimedia-en,0.02309096913677422,0.02706072810276794
2966,random_1,fineweb-edu-sample,9915,wikimedia-en,0.12052776021675982,0.019520650207383028
2966,random_1,wikimedia-en,1007,fineweb-edu-sample,0.06230190052747275,0.054294007414967815
2966,random_1,wikimedia-en,2850,fineweb-edu-sample,0.07228484832921822,0.047765216129591614
2966,random_1,wikimedia-en,3500,fineweb-edu-sample,0.2575198583265603,0.31248982514109347
2966,random_1,wikimedia-en,3855,fineweb-edu-sample,0.1208391111617857,0.11422871350197372
2966,random_1,wikimedia-en,4600,fineweb-edu-sample,0.05346780795889572,0.06729722014375827
2966,random_1,wikimedia-en,5107,fineweb-edu-sample,0.5710606743036806,0.651237301321772
2966,random_1,wikimedia-en,5762,fineweb-edu-sample,0.020825737578888948,0.030454231483845184
2966,random_1,wikimedia-en,5889,fineweb-edu-sample,0.01583907760505099,0.012233753024504246
2966,random_2,pooled,1007,fineweb-edu-sample,0.04338944314952187,0.11715267314452507
2966,random_2,pooled,2850,fineweb-edu-sample,0.0051182738047828025,0.025567564258897196
2966,random_2,pooled,3500,fineweb-edu-sample,0.02735135495868235,0.12119135692082242
2966,random_2,pooled,3855,fineweb-edu-sample,0.02925987274693398,0.004934456369985046
2966,random_2,pooled,4600,fineweb-edu-sample,0.10554767015946709,0.14342604256903715
2966,random_2,pooled,5107,fineweb-edu-sample,0.16087495424699227,0.268746529223738
2966,random_2,pooled,5762,fineweb-edu-sample,0.2209622369520048,0.3322776928314265
2966,random_2,pooled,5889,fineweb-edu-sample,0.050858744771176134,0.017921528787465807
2966,random_2,pooled,10114,wikimedia-en,0.1316700632969514,0.3406533894676801
2966,random_2,pooled,10156,wikimedia-en,0.03216713650999736,0.16026842250419296
2966,random_2,pooled,10297,wikimedia-en,0.0011435830060690932,0.03693708469513016
2966,random_2,pooled,11437,wikimedia-en,0.07494300291455147,0.08467553189043034
2966,random_2,pooled,11490,wikimedia-en,0.01061416732284215,0.0576417261964092
2966,random_2,pooled,6181,wikimedia-en,0.009302823400503257,0.0825045024231176
2966,random_2,pooled,9855,wikimedia-en,0.011191481519290392,0.10057124796717179
2966,random_2,pooled,9915,wikimedia-en,0.049621705855429354,0.02133097856552371
2966,random_2,fineweb-edu-sample,10114,wikimedia-en,0.1316700632969514,0.5179966101401257
2966,random_2,fineweb-edu-sample,10156,wikimedia-en,0.03216713650999736,0.2876576675539533
2966,random_2,fineweb-edu-sample,10297,wikimedia-en,0.0011435830060690932,0.1070767333480327
2966,random_2,fineweb-edu-sample,11437,wikimedia-en,0.07494300291455147,0.13352118264503554
2966,random_2,fineweb-edu-sample,11490,wikimedia-en,0.01061416732284215,0.1372724173012707
2966,random_2,fineweb-edu-sample,6181,wikimedia-en,0.009302823400503257,0.1776673755685132
2966,random_2,fineweb-edu-sample,9855,wikimedia-en,0.011191481519290392,0.2050841648518209
2966,random_2,fineweb-edu-sample,9915,wikimedia-en,0.049621705855429354,0.05556027669190167
2966,random_2,wikimedia-en,1007,fineweb-edu-sample,0.04338944314952187,0.06482339497994316
2966,random_2,wikimedia-en,2850,fineweb-edu-sample,0.0051182738047828025,0.0008544342958854978
2966,random_2,wikimedia-en,3500,fineweb-edu-sample,0.02735135495868235,0.055022131734486224
2966,random_2,wikimedia-en,3855,fineweb-edu-sample,0.02925987274693398,0.009289728092679028
2966,random_2,wikimedia-en,4600,fineweb-edu-sample,0.10554767015946709,0.10161974905477378
2966,random_2,wikimedia-en,5107,fineweb-edu-sample,0.16087495424699227,0.19939494632671695
2966,random_2,wikimedia-en,5762,fineweb-edu-sample,0.2209622369520048,0.26234846217144947
2966,random_2,wikimedia-en,5889,fineweb-edu-sample,0.050858744771176134,0.02943948795332274
2966,shuffled_labels,pooled,1007,fineweb-edu-sample,0.008953549013313022,0.02180502288494715
2966,shuffled_labels,pooled,2850,fineweb-edu-sample,0.04567063172089547,0.06871549650165967
2966,shuffled_labels,pooled,3500,fineweb-edu-sample,0.06015768905243135,0.09514234906903354
2966,shuffled_labels,pooled,3855,fineweb-edu-sample,0.02546602928532593,0.0534997771505126
2966,shuffled_labels,pooled,4600,fineweb-edu-sample,0.033902729512647056,0.06813221552258789
2966,shuffled_labels,pooled,5107,fineweb-edu-sample,0.05367048316884393,0.09510069097539223
2966,shuffled_labels,pooled,5762,fineweb-edu-sample,0.05496805499660695,0.08057716015296215
2966,shuffled_labels,pooled,5889,fineweb-edu-sample,0.05904531974465499,0.027719764581369405
2966,shuffled_labels,pooled,10114,wikimedia-en,0.005667978086876246,0.013643051563917014
2966,shuffled_labels,pooled,10156,wikimedia-en,0.013887451189020794,0.016608709283317397
2966,shuffled_labels,pooled,10297,wikimedia-en,0.022627610007930343,0.006633797053779561
2966,shuffled_labels,pooled,11437,wikimedia-en,0.15458752500308037,0.14284004600005965
2966,shuffled_labels,pooled,11490,wikimedia-en,0.020854614035670238,0.008246633917841778
2966,shuffled_labels,pooled,6181,wikimedia-en,0.013537956533582474,0.018772453689187146
2966,shuffled_labels,pooled,9855,wikimedia-en,0.12320260367459923,0.15654056582979983
2966,shuffled_labels,pooled,9915,wikimedia-en,0.10325140920031117,0.10508639246330567
2966,shuffled_labels,fineweb-edu-sample,10114,wikimedia-en,0.005667978086876246,0.005816969128602523
2966,shuffled_labels,fineweb-edu-sample,10156,wikimedia-en,0.013887451189020794,0.034721208130861214
2966,shuffled_labels,fineweb-edu-sample,10297,wikimedia-en,0.022627610007930343,0.006693132270640945
2966,shuffled_labels,fineweb-edu-sample,11437,wikimedia-en,0.15458752500308037,0.09910198972562512
2966,shuffled_labels,fineweb-edu-sample,11490,wikimedia-en,0.020854614035670238,0.0035604807990807785
2966,shuffled_labels,fineweb-edu-sample,6181,wikimedia-en,0.013537956533582474,0.036446558659974926
2966,shuffled_labels,fineweb-edu-sample,9855,wikimedia-en,0.12320260367459923,0.113969545800785
2966,shuffled_labels,fineweb-edu-sample,9915,wikimedia-en,0.10325140920031117,0.1501704085526967
2966,shuffled_labels,wikimedia-en,1007,fineweb-edu-sample,0.008953549013313022,0.04077983362278659
2966,shuffled_labels,wikimedia-en,2850,fineweb-edu-sample,0.04567063172089547,0.10263440109077593
2966,shuffled_labels,wikimedia-en,3500,fineweb-edu-sample,0.06015768905243135,0.12789922437979329
2966,shuffled_labels,wikimedia-en,3855,fineweb-edu-sample,0.02546602928532593,0.05531742231119907
2966,shuffled_labels,wikimedia-en,4600,fineweb-edu-sample,0.033902729512647056,0.07933558044022349
2966,shuffled_labels,wikimedia-en,5107,fineweb-edu-sample,0.05367048316884393,0.11116577047949605
2966,shuffled_labels,wikimedia-en,5762,fineweb-edu-sample,0.05496805499660695,0.06525407292463925
2966,shuffled_labels,wikimedia-en,5889,fineweb-edu-sample,0.05904531974465499,0.030236322891633027
28027,approx_spectrum_matched,pooled,258,fineweb-edu-sample,1.3312068070092664,2.677666823990097
28027,approx_spectrum_matched,pooled,2850,fineweb-edu-sample,0.46878302509267833,0.06111039045500824
28027,approx_spectrum_matched,pooled,3,fineweb-edu-sample,1.930637095970411,0.9425858505927344
28027,approx_spectrum_matched,pooled,4057,fineweb-edu-sample,0.4208242359027281,0.7930254528596726
28027,approx_spectrum_matched,pooled,4369,fineweb-edu-sample,1.7319747627198012,0.605085982650997
28027,approx_spectrum_matched,pooled,4598,fineweb-edu-sample,1.1970583848608385,2.5213174796299453
28027,approx_spectrum_matched,pooled,5284,fineweb-edu-sample,0.22221977680203508,0.007872462125333574
28027,approx_spectrum_matched,pooled,831,fineweb-edu-sample,1.0753482548864213,2.0809970036604097
28027,approx_spectrum_matched,pooled,11791,wikimedia-en,0.25855269081276333,0.9445147195461835
28027,approx_spectrum_matched,pooled,11989,wikimedia-en,1.9216482201045437,0.7357972876529707
28027,approx_spectrum_matched,pooled,6745,wikimedia-en,8.916680673820565,6.2818537914220185
28027,approx_spectrum_matched,pooled,7878,wikimedia-en,0.5508571376822147,1.4778603016894243
28027,approx_spectrum_matched,pooled,8046,wikimedia-en,24.36991167087399,20.027594467618513
28027,approx_spectrum_matched,pooled,8113,wikimedia-en,1.641025211274183,0.5694248392238733
28027,approx_spectrum_matched,pooled,8236,wikimedia-en,0.2488971464487122,0.04403745240558546
28027,approx_spectrum_matched,pooled,9526,wikimedia-en,0.1234107954717345,0.2098315914620709
28027,approx_spectrum_matched,fineweb-edu-sample,11791,wikimedia-en,0.25855269081276333,0.45211751822926693
28027,approx_spectrum_matched,fineweb-edu-sample,11989,wikimedia-en,1.9216482201045437,1.3397934685299706
28027,approx_spectrum_matched,fineweb-edu-sample,6745,wikimedia-en,8.916680673820565,7.274760648906531
28027,approx_spectrum_matched,fineweb-edu-sample,7878,wikimedia-en,0.5508571376822147,0.8398228160955146
28027,approx_spectrum_matched,fineweb-edu-sample,8046,wikimedia-en,24.36991167087399,22.714118425609662
28027,approx_spectrum_matched,fineweb-edu-sample,8113,wikimedia-en,1.641025211274183,1.1112768040499876
28027,approx_spectrum_matched,fineweb-edu-sample,8236,wikimedia-en,0.2488971464487122,0.12328088719315566
28027,approx_spectrum_matched,fineweb-edu-sample,9526,wikimedia-en,0.1234107954717345,0.16206056643874867
28027,approx_spectrum_matched,wikimedia-en,258,fineweb-edu-sample,1.3312068070092664,3.4684746799355097
28027,approx_spectrum_matched,wikimedia-en,2850,fineweb-edu-sample,0.46878302509267833,0.050089522885335414
28027,approx_spectrum_matched,wikimedia-en,3,fineweb-edu-sample,1.930637095970411,0.8413428457480082
28027,approx_spectrum_matched,wikimedia-en,4057,fineweb-edu-sample,0.4208242359027281,1.0912342639727428
28027,approx_spectrum_matched,wikimedia-en,4369,fineweb-edu-sample,1.7319747627198012,0.22983946848000036
28027,approx_spectrum_matched,wikimedia-en,4598,fineweb-edu-sample,1.1970583848608385,3.317119924095904
28027,approx_spectrum_matched,wikimedia-en,5284,fineweb-edu-sample,0.22221977680203508,0.15081893547409797
28027,approx_spectrum_matched,wikimedia-en,831,fineweb-edu-sample,1.0753482548864213,3.009728419179139
28027,leading_pc,pooled,258,fineweb-edu-sample,16.161903972022884,15.297397710618831
28027,leading_pc,pooled,2850,fineweb-edu-sample,0.23948511362892333,0.14751321098654957
28027,leading_pc,pooled,3,fineweb-edu-sample,11.992786886683149,8.187468377558737
28027,leading_pc,pooled,4057,fineweb-edu-sample,1.4595525286154043,1.486745609131923
28027,leading_pc,pooled,4369,fineweb-edu-sample,0.16302070804385949,0.9024960621675793
28027,leading_pc,pooled,4598,fineweb-edu-sample,0.8024790023597461,0.5634282703240179
28027,leading_pc,pooled,5284,fineweb-edu-sample,1.7272980077365219,0.8624173278362623
28027,leading_pc,pooled,831,fineweb-edu-sample,16.624982505764052,11.717263319228898
28027,leading_pc,pooled,11791,wikimedia-en,0.10278218276482676,0.4623478835966144
28027,leading_pc,pooled,11989,wikimedia-en,3.139400421403593,0.965949963856183
28027,leading_pc,pooled,6745,wikimedia-en,15.269018334151951,12.197614368165965
28027,leading_pc,pooled,7878,wikimedia-en,0.8991390902934882,1.9565778349231455
28027,leading_pc,pooled,8046,wikimedia-en,59.94618054394607,56.35790449904504
28027,leading_pc,pooled,8113,wikimedia-en,4.176979729653141,1.6906287538323572
28027,leading_pc,pooled,8236,wikimedia-en,1.1396566179655565,3.3404882325352436
28027,leading_pc,pooled,9526,wikimedia-en,0.2021607201641018,0.35452758091053527
28027,leading_pc,fineweb-edu-sample,11791,wikimedia-en,0.10278218276482676,0.9874870943449299
28027,leading_pc,fineweb-edu-sample,11989,wikimedia-en,3.139400421403593,0.44262901080505124
28027,leading_pc,fineweb-edu-sample,6745,wikimedia-en,15.269018334151951,11.741665238790278
28027,leading_pc,fineweb-edu-sample,7878,wikimedia-en,0.8991390902934882,2.60861841863691
28027,leading_pc,fineweb-edu-sample,8046,wikimedia-en,59.94618054394607,54.42320200368944
28027,leading_pc,fineweb-edu-sample,8113,wikimedia-en,4.176979729653141,1.0008617126466834
28027,leading_pc,fineweb-edu-sample,8236,wikimedia-en,1.1396566179655565,4.493710076519664
28027,leading_pc,fineweb-edu-sample,9526,wikimedia-en,0.2021607201641018,0.806671635739109
28027,leading_pc,wikimedia-en,258,fineweb-edu-sample,16.161903972022884,15.962677685055215
28027,leading_pc,wikimedia-en,2850,fineweb-edu-sample,0.23948511362892333,0.054283657180409506
28027,leading_pc,wikimedia-en,3,fineweb-edu-sample,11.992786886683149,9.262830293066404
28027,leading_pc,wikimedia-en,4057,fineweb-edu-sample,1.4595525286154043,1.4666909893823465
28027,leading_pc,wikimedia-en,4369,fineweb-edu-sample,0.16302070804385949,0.5140993340480016
28027,leading_pc,wikimedia-en,4598,fineweb-edu-sample,0.8024790023597461,0.5931964588978822
28027,leading_pc,wikimedia-en,5284,fineweb-edu-sample,1.7272980077365219,0.9364683711265975
28027,leading_pc,wikimedia-en,831,fineweb-edu-sample,16.624982505764052,13.741326249816499
28027,learned,pooled,258,fineweb-edu-sample,3.2046666564866655,1.5805784819439284
28027,learned,pooled,2850,fineweb-edu-sample,0.18575470939197203,0.8327968195748214
28027,learned,pooled,3,fineweb-edu-sample,3.0765535008470124,3.287711481572697
28027,learned,pooled,4057,fineweb-edu-sample,1.7513456924689308,1.6014380588985633
28027,learned,pooled,4369,fineweb-edu-sample,0.40223723374310794,0.04114833924984129
28027,learned,pooled,4598,fineweb-edu-sample,3.3313951721680723,1.4357361473732455
28027,learned,pooled,5284,fineweb-edu-sample,12.855485074680928,9.92107168935885
28027,learned,pooled,831,fineweb-edu-sample,3.8805248454565344,7.724285925617135
28027,learned,pooled,11791,wikimedia-en,0.10347847023695067,1.251774713509346
28027,learned,pooled,11989,wikimedia-en,2.4178638913241457,2.215830593746415
28027,learned,pooled,6745,wikimedia-en,2.8815618779987062,6.02892736985272
28027,learned,pooled,7878,wikimedia-en,2.1383996795520943,1.471096176722253
28027,learned,pooled,8046,wikimedia-en,32.79527434330021,29.288365420779282
28027,learned,pooled,8113,wikimedia-en,13.810855385792964,9.053921010318543
28027,learned,pooled,8236,wikimedia-en,1.1827922037355165,2.3411155905678216
28027,learned,pooled,9526,wikimedia-en,0.30948541551722997,0.33355317681504904
28027,learned,fineweb-edu-sample,11791,wikimedia-en,0.10347847023695067,1.6608025468489718
28027,learned,fineweb-edu-sample,11989,wikimedia-en,2.4178638913241457,1.5692760475805034
28027,learned,fineweb-edu-sample,6745,wikimedia-en,2.8815618779987062,7.061797738378006
28027,learned,fineweb-edu-sample,7878,wikimedia-en,2.1383996795520943,2.22243991457316
28027,learned,fineweb-edu-sample,8046,wikimedia-en,32.79527434330021,31.774005787160718
28027,learned,fineweb-edu-sample,8113,wikimedia-en,13.810855385792964,7.659093506640069
28027,learned,fineweb-edu-sample,8236,wikimedia-en,1.1827922037355165,3.2600517083924974
28027,learned,fineweb-edu-sample,9526,wikimedia-en,0.30948541551722997,0.3030174196283486
28027,learned,wikimedia-en,258,fineweb-edu-sample,3.2046666564866655,2.4132506081520066
28027,learned,wikimedia-en,2850,fineweb-edu-sample,0.18575470939197203,0.9706702734091355
28027,learned,wikimedia-en,3,fineweb-edu-sample,3.0765535008470124,2.3035210156285846
28027,learned,wikimedia-en,4057,fineweb-edu-sample,1.7513456924689308,0.9458791167260561
28027,learned,wikimedia-en,4369,fineweb-edu-sample,0.40223723374310794,0.13369005938401735
28027,learned,wikimedia-en,4598,fineweb-edu-sample,3.3313951721680723,2.2072545803608623
28027,learned,wikimedia-en,5284,fineweb-edu-sample,12.855485074680928,11.878596242992367
28027,learned,wikimedia-en,831,fineweb-edu-sample,3.8805248454565344,7.0598159974955
28027,random_0,pooled,258,fineweb-edu-sample,1.684863528694791,2.2096503396618754
28027,random_0,pooled,2850,fineweb-edu-sample,2.27607863959034,2.7752287554434067
28027,random_0,pooled,3,fineweb-edu-sample,1.1950317486686401,1.16947156099563
28027,random_0,pooled,4057,fineweb-edu-sample,0.037320923240713455,0.04694342821583153
28027,random_0,pooled,4369,fineweb-edu-sample,0.1319692231049885,0.3187488079748474
28027,random_0,pooled,4598,fineweb-edu-sample,0.0894569467391193,0.13571313402412077
28027,random_0,pooled,5284,fineweb-edu-sample,0.2964491514489964,0.5595453180396587
28027,random_0,pooled,831,fineweb-edu-sample,0.11790700860103698,0.24876989730866772
28027,random_0,pooled,11791,wikimedia-en,0.6598074624442063,0.4987891269059991
28027,random_0,pooled,11989,wikimedia-en,1.026679123938834,1.445051456232596
28027,random_0,pooled,6745,wikimedia-en,11.84638715479025,13.349217808227356
28027,random_0,pooled,7878,wikimedia-en,2.8085745569228493,2.3327562094933167
28027,random_0,pooled,8046,wikimedia-en,16.818173449451024,17.43210522638268
28027,random_0,pooled,8113,wikimedia-en,0.2995448360743058,0.32435052768793604
28027,random_0,pooled,8236,wikimedia-en,0.6169787756249434,0.9867727452528979
28027,random_0,pooled,9526,wikimedia-en,0.3924227601759256,0.48090177472322193
28027,random_0,fineweb-edu-sample,11791,wikimedia-en,0.6598074624442063,0.9603251997225559
28027,random_0,fineweb-edu-sample,11989,wikimedia-en,1.026679123938834,1.317476946566254
28027,random_0,fineweb-edu-sample,6745,wikimedia-en,11.84638715479025,13.501671957710792
28027,random_0,fineweb-edu-sample,7878,wikimedia-en,2.8085745569228493,3.0314979494738825
28027,random_0,fineweb-edu-sample,8046,wikimedia-en,16.818173449451024,15.319212476244681
28027,random_0,fineweb-edu-sample,8113,wikimedia-en,0.2995448360743058,0.10192442717604777
28027,random_0,fineweb-edu-sample,8236,wikimedia-en,0.6169787756249434,1.0404807827824047
28027,random_0,fineweb-edu-sample,9526,wikimedia-en,0.3924227601759256,0.9690039710907872
28027,random_0,wikimedia-en,258,fineweb-edu-sample,1.684863528694791,2.582968973298405
28027,random_0,wikimedia-en,2850,fineweb-edu-sample,2.27607863959034,3.4063504397510713
28027,random_0,wikimedia-en,3,fineweb-edu-sample,1.1950317486686401,0.6087397614110146
28027,random_0,wikimedia-en,4057,fineweb-edu-sample,0.037320923240713455,0.02387055723224174
28027,random_0,wikimedia-en,4369,fineweb-edu-sample,0.1319692231049885,0.2780947868999406
28027,random_0,wikimedia-en,4598,fineweb-edu-sample,0.0894569467391193,0.03064713652994877
28027,random_0,wikimedia-en,5284,fineweb-edu-sample,0.2964491514489964,0.4803641521569646
28027,random_0,wikimedia-en,831,fineweb-edu-sample,0.11790700860103698,0.47474001899777685
28027,random_1,pooled,258,fineweb-edu-sample,5.086643172447225,4.611010110736752
28027,random_1,pooled,2850,fineweb-edu-sample,0.2631578244205457,0.22799264265752073
28027,random_1,pooled,3,fineweb-edu-sample,0.14138805770613772,0.24879250060463876
28027,random_1,pooled,4057,fineweb-edu-sample,0.6247150352578501,0.8684656696046622
28027,random_1,pooled,4369,fineweb-edu-sample,0.16632253618809045,0.30254105110386065
28027,random_1,pooled,4598,fineweb-edu-sample,0.4954613803676011,0.7031986880602636
28027,random_1,pooled,5284,fineweb-edu-sample,3.361736737872434,2.9147412909970303
28027,random_1,pooled,831,fineweb-edu-sample,2.5129859935191234,2.979127123662467
28027,random_1,pooled,11791,wikimedia-en,0.32597135835032987,0.2507851376599979
28027,random_1,pooled,11989,wikimedia-en,0.29342314888936016,0.1854061957330677
28027,random_1,pooled,6745,wikimedia-en,22.872451907574032,21.817649822567645
28027,random_1,pooled,7878,wikimedia-en,3.6675890999759986,4.156930883184723
28027,random_1,pooled,8046,wikimedia-en,50.03658992031035,51.79511281839036
28027,random_1,pooled,8113,wikimedia-en,2.476207289908716,2.0687221649502705
28027,random_1,pooled,8236,wikimedia-en,0.09410536705445338,0.19824900743606322
28027,random_1,pooled,9526,wikimedia-en,0.27363110577383054,0.16987488455147415
28027,random_1,fineweb-edu-sample,11791,wikimedia-en,0.32597135835032987,0.22532766721927722
28027,random_1,fineweb-edu-sample,11989,wikimedia-en,0.29342314888936016,0.118687971478737
28027,random_1,fineweb-edu-sample,6745,wikimedia-en,22.872451907574032,20.59348832975094
28027,random_1,fineweb-edu-sample,7878,wikimedia-en,3.6675890999759986,4.743974123339045
28027,random_1,fineweb-edu-sample,8046,wikimedia-en,50.03658992031035,53.77386536056794
28027,random_1,fineweb-edu-sample,8113,wikimedia-en,2.476207289908716,1.641714824529572
28027,random_1,fineweb-edu-sample,8236,wikimedia-en,0.09410536705445338,0.36924995241993663
28027,random_1,fineweb-edu-sample,9526,wikimedia-en,0.27363110577383054,0.09442526829883668
28027,random_1,wikimedia-en,258,fineweb-edu-sample,5.086643172447225,5.125458561419659
28027,random_1,wikimedia-en,2850,fineweb-edu-sample,0.2631578244205457,0.28260700964122254
28027,random_1,wikimedia-en,3,fineweb-edu-sample,0.14138805770613772,0.1344588199253538
28027,random_1,wikimedia-en,4057,fineweb-edu-sample,0.6247150352578501,0.590887325804812
28027,random_1,wikimedia-en,4369,fineweb-edu-sample,0.16632253618809045,0.1508607386374594
28027,random_1,wikimedia-en,4598,fineweb-edu-sample,0.4954613803676011,0.46330859666821045
28027,random_1,wikimedia-en,5284,fineweb-edu-sample,3.361736737872434,3.41058226822899
28027,random_1,wikimedia-en,831,fineweb-edu-sample,2.5129859935191234,2.4552999101229434
28027,random_2,pooled,258,fineweb-edu-sample,1.801343035623404,2.122079047102432
28027,random_2,pooled,2850,fineweb-edu-sample,0.5953354080823203,0.4617809043552801
28027,random_2,pooled,3,fineweb-edu-sample,2.0170622616610956,1.649178823122377
28027,random_2,pooled,4057,fineweb-edu-sample,0.6777808749802716,0.5606451482578767
28027,random_2,pooled,4369,fineweb-edu-sample,1.4069125455762332,0.8637005112846485
28027,random_2,pooled,4598,fineweb-edu-sample,0.7473978005378967,1.162549399809365
28027,random_2,pooled,5284,fineweb-edu-sample,3.1512368892094855,2.338743711312319
28027,random_2,pooled,831,fineweb-edu-sample,9.56315685485265,8.054709304379514
28027,random_2,pooled,11791,wikimedia-en,0.7683075331499367,0.8896443616859817
28027,random_2,pooled,11989,wikimedia-en,0.8253102805610979,0.6210817066823471
28027,random_2,pooled,6745,wikimedia-en,2.9096303837405912,3.805619746173605
28027,random_2,pooled,7878,wikimedia-en,2.4256827746427234,3.289290631154629
28027,random_2,pooled,8046,wikimedia-en,2.8025972458323167,2.551721945694141
28027,random_2,pooled,8113,wikimedia-en,0.4370934332531551,0.2520765518335133
28027,random_2,pooled,8236,wikimedia-en,0.07634946719292657,0.223503072889486
28027,random_2,pooled,9526,wikimedia-en,0.9967815941536173,1.0380717176475263
28027,random_2,fineweb-edu-sample,11791,wikimedia-en,0.7683075331499367,0.44947711733134277
28027,random_2,fineweb-edu-sample,11989,wikimedia-en,0.8253102805610979,0.4221475871368785
28027,random_2,fineweb-edu-sample,6745,wikimedia-en,2.9096303837405912,3.091680047112577
28027,random_2,fineweb-edu-sample,7878,wikimedia-en,2.4256827746427234,2.907197709262066
28027,random_2,fineweb-edu-sample,8046,wikimedia-en,2.8025972458323167,3.469803962846685
28027,random_2,fineweb-edu-sample,8113,wikimedia-en,0.4370934332531551,0.6059740718655782
28027,random_2,fineweb-edu-sample,8236,wikimedia-en,0.07634946719292657,0.07468689713907573
28027,random_2,fineweb-edu-sample,9526,wikimedia-en,0.9967815941536173,0.5816138362313428
28027,random_2,wikimedia-en,258,fineweb-edu-sample,1.801343035623404,1.819765566346554
28027,random_2,wikimedia-en,2850,fineweb-edu-sample,0.5953354080823203,0.8177021532107531
28027,random_2,wikimedia-en,3,fineweb-edu-sample,2.0170622616610956,2.1013415120174628
28027,random_2,wikimedia-en,4057,fineweb-edu-sample,0.6777808749802716,0.2563531508181782
28027,random_2,wikimedia-en,4369,fineweb-edu-sample,1.4069125455762332,0.6805248352614868
28027,random_2,wikimedia-en,4598,fineweb-edu-sample,0.7473978005378967,1.2512148043208882
28027,random_2,wikimedia-en,5284,fineweb-edu-sample,3.1512368892094855,2.22856427234408
28027,random_2,wikimedia-en,831,fineweb-edu-sample,9.56315685485265,7.1411074259453144
28027,shuffled_labels,pooled,258,fineweb-edu-sample,3.538485604082098,4.0664447638915675
28027,shuffled_labels,pooled,2850,fineweb-edu-sample,5.727413413342264,4.942316567185193
28027,shuffled_labels,pooled,3,fineweb-edu-sample,0.4488025706628207,0.603221662595025
28027,shuffled_labels,pooled,4057,fineweb-edu-sample,0.009591509808615228,0.022939722706897397
28027,shuffled_labels,pooled,4369,fineweb-edu-sample,0.10580768616819114,0.23426524734188395
28027,shuffled_labels,pooled,4598,fineweb-edu-sample,0.3404969195486274,0.20894049499115344
28027,shuffled_labels,pooled,5284,fineweb-edu-sample,2.6752275772423673,2.2160165747153218
28027,shuffled_labels,pooled,831,fineweb-edu-sample,2.549537430951432,2.297180244444866
28027,shuffled_labels,pooled,11791,wikimedia-en,1.2876103951953155,1.414398238116458
28027,shuffled_labels,pooled,11989,wikimedia-en,0.9252585186914075,0.6204061004121998
28027,shuffled_labels,pooled,6745,wikimedia-en,1.1213699924184084,0.8831867488756119
28027,shuffled_labels,pooled,7878,wikimedia-en,0.8694801820752218,0.7191897853108843
28027,shuffled_labels,pooled,8046,wikimedia-en,0.4954876278162601,0.2874849079647669
28027,shuffled_labels,pooled,8113,wikimedia-en,2.5153608081140977,2.9520543553423515
28027,shuffled_labels,pooled,8236,wikimedia-en,0.027535214996987634,0.11120709434092949
28027,shuffled_labels,pooled,9526,wikimedia-en,0.6149589086845708,0.7067902907686475
28027,shuffled_labels,fineweb-edu-sample,11791,wikimedia-en,1.2876103951953155,1.2603774002528656
28027,shuffled_labels,fineweb-edu-sample,11989,wikimedia-en,0.9252585186914075,0.7159526523026205
28027,shuffled_labels,fineweb-edu-sample,6745,wikimedia-en,1.1213699924184084,0.8745099351614716
28027,shuffled_labels,fineweb-edu-sample,7878,wikimedia-en,0.8694801820752218,0.8393067392475917
28027,shuffled_labels,fineweb-edu-sample,8046,wikimedia-en,0.4954876278162601,0.3631592404851336
28027,shuffled_labels,fineweb-edu-sample,8113,wikimedia-en,2.5153608081140977,2.9312024088512523
28027,shuffled_labels,fineweb-edu-sample,8236,wikimedia-en,0.027535214996987634,0.07582276009832079
28027,shuffled_labels,fineweb-edu-sample,9526,wikimedia-en,0.6149589086845708,0.7545360216909547
28027,shuffled_labels,wikimedia-en,258,fineweb-edu-sample,3.538485604082098,4.362731151614021
28027,shuffled_labels,wikimedia-en,2850,fineweb-edu-sample,5.727413413342264,4.668612282205178
28027,shuffled_labels,wikimedia-en,3,fineweb-edu-sample,0.4488025706628207,0.7213669474485235
28027,shuffled_labels,wikimedia-en,4057,fineweb-edu-sample,0.009591509808615228,0.03250857921223427
28027,shuffled_labels,wikimedia-en,4369,fineweb-edu-sample,0.10580768616819114,0.3035314269320827
28027,shuffled_labels,wikimedia-en,4598,fineweb-edu-sample,0.3404969195486274,0.1481322781608091
28027,shuffled_labels,wikimedia-en,5284,fineweb-edu-sample,2.6752275772423673,2.0081678969111754
28027,shuffled_labels,wikimedia-en,831,fineweb-edu-sample,2.549537430951432,2.0959520936007086
