n_low,n_high,documents_low,documents_high,assignment_rate,document_p,document_null_mean,document_null_p95,document_movable_fraction,token_identity_p,token_identity_null_mean,token_identity_null_p95,token_identity_movable_fraction,js_ci_low,js_ci_high,js_bootstrap_se,js_bootstrap_bias,js_bootstrap_percentile_low,js_bootstrap_percentile_high,bootstrap_valid,null_excess,js_bits,neighbor_jaccard,shared_rank_spearman,shared_neighbors,cosine,conditional_l1,conditional_mass_change,status,partner_count,feature_id,candidate_id,role,discovery_delta_bic,document_q_bh,document_q_by,token_identity_q_bh,token_identity_q_by
2981,1398,481,362,0.7918625678119349,0.0005,0.033532367056454085,0.03465713785966445,0.3005252340717059,0.0005,0.04237776343985026,0.04333258404061117,0.07787166019639187,0.04254938106109,0.05306957057030517,0.0026837218135752996,0.012711278998881609,0.055238784730077393,0.06617997138891844,300,0.014277108759243498,0.04780947581569758,0.6666666666666666,0.5739515902626287,16,0.9556298262892151,27.76209844033672,5.810720159484077,ok,4728,524,524,candidate,1446.7285384230527,0.0005454545454545455,0.0020596135515019128,0.0006666666666666666,0.002517305451835671
1576,1148,377,122,0.7487630566245189,0.424,0.05545845805258735,0.056785390660775543,0.3263582966226138,0.0005,0.04790205452104415,0.04937753302003275,0.19162995594713655,0.038269097099664084,0.07295968624389616,0.008849640087814309,0.024249732996796274,0.06484454107097366,0.09854465207313451,300,0.00015593361919277043,0.055614391671780124,0.48148148148148145,0.16231102012481516,13,0.9240648743245949,24.962291515591005,-0.9603061603494893,ok,3962,1120,1120,candidate,1322.7997377228955,0.424,1.0,0.0006666666666666666,0.002517305451835671
3240,1030,470,190,0.6752055660974067,0.0005,0.16389808806364878,0.16631275220884498,0.23091334894613583,0.0005,0.08215457378577941,0.08592339343502381,0.5175644028103045,0.15309442457887298,0.19650331145657,0.011073695632065566,0.021347303060075318,0.17678292390021647,0.21925463427305983,300,0.010900779954072709,0.1747988680177215,0.21212121212121213,-0.1785714285714286,7,0.7061297125800979,40.947845499220904,8.231724199928081,ok,4298,485,485,candidate,1298.8601208659693,0.0005454545454545455,0.0020596135515019128,0.0006666666666666666,0.002517305451835671
3433,3016,481,433,0.6914334727136271,0.0005,0.02461524064110116,0.025427014200946303,0.4133974259575128,0.0005,0.035938073222742895,0.03653891492714543,0.08171809582881066,0.035030073146226096,0.04318950016874795,0.00208148648533721,0.009132900253422858,0.04451593954615175,0.05222637804840437,300,0.014494546016385865,0.039109786657487024,0.42857142857142855,0.6783216783216784,12,0.9579423751234422,27.445736439349393,6.587617279162075,ok,5122,322,322,candidate,1134.586002793243,0.0005454545454545455,0.0020596135515019128,0.0006666666666666666,0.002517305451835671
921,352,339,108,0.7829028290282903,0.0005,0.07504513202347518,0.07778365063007822,0.13982717989002358,0.312,0.08478991299130942,0.08539680805280025,0.012568735271013355,0.06724338859498087,0.10276924543790787,0.009062718582379335,0.02786994523961965,0.09724654665016048,0.13031343843296203,300,0.009961184992969191,0.08500631701644437,0.6666666666666666,0.5287192773739907,16,0.9079967596958858,36.22041259500543,8.47900009870692,ok,2183,7603,7603,candidate,1046.6061806784348,0.0005454545454545455,0.0020596135515019128,0.32556521739130434,1.0
4711,8421,499,492,0.600374891418644,0.0005,0.01769791788782247,0.018258662207327244,0.5473652147426135,0.0005,0.018206729118909894,0.01870589920598323,0.4355772159610113,0.027672836794137574,0.0332264983635544,0.0014167504003614365,0.009134647577857816,0.036951953605468046,0.04252332163420968,300,0.01275174969102352,0.030449667578845988,0.7391304347826086,0.6474556704379418,17,0.969867690253132,18.374926266023188,1.9945681681312877,ok,8234,4006,4006,candidate,998.7764837249924,0.0005454545454545455,0.0020596135515019128,0.0006666666666666666,0.002517305451835671
3438,3009,347,159,0.713084835748258,0.0005,0.03902637342139872,0.04043147986968885,0.5535908174344656,0.0005,0.0777371622910798,0.07838627401993631,0.07724523033969288,0.07518856958538955,0.08918884031630056,0.0035714976354364815,0.008776526130207893,0.08499076828476573,0.09744396619007088,300,0.04316233152944634,0.08218870495084506,0.5384615384615384,0.621978021978022,14,0.9261713026820271,40.983883138252494,13.555157679956054,ok,4477,531,531,candidate,986.205145399932,0.0005454545454545455,0.0020596135515019128,0.0006666666666666666,0.002517305451835671
2047,1224,435,337,0.6435176077119811,0.0005,0.022395821712190324,0.023315148717790925,0.3075512075817793,0.009,0.02587905181094331,0.026270550175478996,0.03821461326811373,0.02222409173907199,0.030665982567557527,0.00215354357869529,0.014577641648806917,0.036903557977798665,0.0452227053239918,300,0.004049215441124434,0.026445037153314758,0.6,0.7999999999999999,15,0.9770740041486238,20.945393146674075,7.160905405966332,ok,4202,1036,1036,candidate,980.8907660360904,0.0005454545454545455,0.0020596135515019128,0.011368421052631578,0.04292668244182934
1519,798,381,216,0.7256498590667084,0.0005,0.04622084068191566,0.04841460060942674,0.3284419507984463,0.0005,0.05095072920380421,0.05277588859663924,0.28787224859732413,0.05256269889802126,0.07318168537528785,0.005259945529914949,0.02414202750145203,0.07777911413948392,0.09820792969076328,300,0.016651351454738894,0.06287219213665456,0.42857142857142855,0.6573426573426573,12,0.9147558271622848,25.98150329741404,2.6693981497522614,ok,3282,1550,1550,candidate,964.5760081274043,0.0005454545454545455,0.0020596135515019128,0.0006666666666666666,0.002517305451835671
2753,2938,468,403,0.6063285744726188,0.0005,0.03535170101841289,0.036600704648621654,0.37199086276577054,0.0005,0.05250500938869602,0.05307407617238129,0.08610086100861009,0.05199561216407221,0.06010822987040945,0.0020695453332492952,0.009678937501212993,0.06160659978467291,0.0697284994124376,300,0.020700219998827943,0.05605192101724083,0.48148148148148145,0.6043956043956044,13,0.9352473288221226,31.630576409372832,8.207893758822905,ok,5173,346,346,candidate,932.3692438346698,0.0005454545454545455,0.0020596135515019128,0.0006666666666666666,0.002517305451835671
1093,555,368,210,0.7799337434926644,0.0005,0.060661815522142774,0.06388231198281305,0.22694174757281554,0.0005,0.06265239898003915,0.0654179251419489,0.3598300970873786,0.06481530161054097,0.09185639612572935,0.006898238396731726,0.02632459372484748,0.09250938627429602,0.11900973514330744,300,0.017674033345992386,0.07833584886813516,0.2903225806451613,0.25,9,0.8804328939014006,25.367277432968194,2.180511527080604,ok,2311,1702,1702,candidate,919.6082577224101,0.0005454545454545455,0.0020596135515019128,0.0006666666666666666,0.002517305451835671
2876,2134,460,413,0.6376479572355861,0.0005,0.02158241835685923,0.02234120069998012,0.3506986027944112,0.0005,0.03213569094785774,0.03236030586939948,0.03173652694610778,0.03001716506677832,0.03556706128496758,0.001415789851578893,0.010452853101456591,0.040683906884467665,0.04599421550424361,300,0.011209694819013724,0.03279211317587295,0.7391304347826086,0.6866954080402413,17,0.965037786992405,24.36020493421953,7.970450602406515,ok,5062,380,380,candidate,903.2803776013316,0.0005454545454545455,0.0020596135515019128,0.0006666666666666666,0.002517305451835671
1555,919,438,285,0.6677462887989204,0.0005,0.0551912857142209,0.056991669011334206,0.2425222312045271,0.0005,0.04624248083777826,0.047959624146392994,0.41673403395311237,0.056697616571813776,0.07740485690210619,0.0052824592679317365,0.022961624009559548,0.08118013027515442,0.10050526092522423,300,0.011859951022739082,0.06705123673695998,0.48148148148148145,0.5199454712472894,13,0.9076553549535309,24.344817692934793,3.844058094741598,ok,3195,718,718,candidate,895.1960252826921,0.0005454545454545455,0.0020596135515019128,0.0006666666666666666,0.002517305451835671
1258,381,365,125,0.7838354854136776,0.0005,0.09170060404271081,0.095035897077574,0.14093959731543623,0.2605,0.10641535624620561,0.10758633629421079,0.007931665649786455,0.08597494284505236,0.12826718015904093,0.01078883604948688,0.02687035927559181,0.11534247316881498,0.15742837777612834,300,0.015420457459335832,0.10712106150204664,0.5384615384615384,0.4466449347407661,14,0.8792188037043606,40.76874303669116,5.426384003271465,ok,2527,13822,13822,candidate,875.4009981637689,0.0005454545454545455,0.0020596135515019128,0.2841818181818182,1.0
575,432,281,170,0.959047619047619,0.0005,0.23956774672743178,0.24807937846039035,0.12611717974180736,0.0005,0.271875547875567,0.27536796439364813,0.18867924528301888,0.24966557820562085,0.31025273437244116,0.015455907185413342,0.027948968702938948,0.2803592450413196,0.3405029971787748,300,0.04039140956159923,0.279959156289031,0.2903225806451613,-0.25104822262671694,9,0.5965154868255443,42.33906199677939,-10.508216586151377,ok,1526,1204,1204,candidate,837.3146521568669,0.0005454545454545455,0.0020596135515019128,0.0006666666666666666,0.002517305451835671
1104,540,401,235,0.7280779450841453,0.0005,0.06890678662041003,0.07217893163275099,0.12895377128953772,0.0395,0.08335834827773221,0.08433398843195541,0.02068126520681265,0.0695354584172069,0.0992657768558036,0.007584264907805281,0.024825497001708274,0.09595626170108199,0.12395459999062952,300,0.015493831016095222,0.08440061763650525,0.48148148148148145,0.41208791208791207,13,0.8790701957072979,35.96254025764895,2.491485507246381,ok,2645,12206,12206,candidate,833.3963359656664,0.0005454545454545455,0.0020596135515019128,0.0474,0.1789804176255162
637,480,246,106,0.7169448010269577,0.0005,0.07142364686651716,0.07454989751625792,0.22291853178155774,0.0005,0.08108712929031862,0.08290353869719669,0.09221128021486123,0.06997672800870836,0.10223132511042113,0.008228213546355298,0.02771560456040799,0.0991675786470443,0.13089169995721475,300,0.014680379693047585,0.08610402655956474,0.42857142857142855,0.386643830856912,12,0.8775387441128776,30.467870225013083,10.171951857666144,ok,1868,1844,1844,candidate,800.1540329092907,0.0005454545454545455,0.0020596135515019128,0.0006666666666666666,0.002517305451835671
1997,1149,416,274,0.6364555937689662,0.0005,0.030887285444417645,0.031968777027743915,0.3102352193261284,0.0005,0.034709403045593404,0.035512132127728586,0.19739351557533374,0.03750984729423305,0.048791204172286044,0.0028778971627686214,0.01788108043120422,0.05614491970731201,0.06756670086359484,300,0.0122632402888419,0.043150525733259545,0.48148148148148145,0.5054945054945055,13,0.9593290048556716,22.843996630280493,2.7680062304074085,ok,3905,292,292,candidate,776.7595456039599,0.0005454545454545455,0.0020596135515019128,0.0006666666666666666,0.002517305451835671
219,869,130,312,0.9021558872305141,0.0005,0.13806556440377235,0.14666811781958744,0.09558823529411764,0.0005,0.039115912479527566,0.043933568514654124,0.9319852941176471,0.15609145471465968,0.20048830977178572,0.011325728330899494,0.03447226841163872,0.19166365837289417,0.23656546283552113,300,0.04022431783945035,0.1782898822432227,0.2903225806451613,0.5666666666666667,9,0.7407033386451074,26.46298952766787,-1.7686313455344163,ok,1034,1047,1047,candidate,776.0327681291046,0.0005454545454545455,0.0020596135515019128,0.0006666666666666666,0.002517305451835671
694,256,286,81,0.8050847457627118,0.0005,0.07387055820209679,0.07665100762300237,0.14421052631578948,0.183,0.08110715899890342,0.08132166684179139,0.010526315789473684,0.061311338190145656,0.10119038281779714,0.010173225670319258,0.030609881779068274,0.09449059384902321,0.1304041767572513,300,0.007380302301874614,0.0812508605039714,0.42857142857142855,0.4238185133446995,12,0.8939100804619002,35.81001215778098,9.727586905619596,ok,1630,3234,3234,candidate,761.8937394669722,0.0005454545454545455,0.0020596135515019128,0.20914285714285713,0.7897146817473047
3537,3260,480,417,0.61572606214331,0.0005,0.02203544131234632,0.02278273794649477,0.4654994850669413,0.0005,0.020224716428626433,0.020854072133465646,0.490216271884655,0.027581577934300473,0.03586447592790148,0.0021129841820410724,0.013975584324183138,0.041911213226364714,0.04985688409411401,300,0.009687585618754657,0.031723026931100975,0.5384615384615384,0.5918595440653501,14,0.9676954150438949,17.342077615947797,1.3717521694410308,ok,6777,10313,10313,candidate,758.4701227071419,0.0005454545454545455,0.0020596135515019128,0.0006666666666666666,0.002517305451835671
1145,573,396,259,0.7038099139696845,0.0005,0.046056616349973836,0.047621155241410584,0.1559953434225844,0.0005,0.05023652146408746,0.05160198450797173,0.06519208381839348,0.045591953069488975,0.061928201556054815,0.004167410328205572,0.02196950399277757,0.06801117471566123,0.08466829315208424,300,0.007703460962798059,0.053760077312771895,0.6,-0.014285714285714282,15,0.9388235003787719,26.05496086635116,7.539756281579386,ok,2756,1731,1731,candidate,749.1123597534761,0.0005454545454545455,0.0020596135515019128,0.0006666666666666666,0.002517305451835671
84,328,60,194,0.9975786924939467,0.0605,0.24908442153923083,0.26140255784198,0.019417475728155338,1.0,0.26140255784198,0.26140255784198,0.0,0.22421849065201127,0.29858662503194877,0.018971462852024876,0.04384462877085493,0.27175530971600514,0.3408231957598366,300,0.012318136302749194,0.26140255784198,0.21212121212121213,-0.10910894511799621,7,0.5684989438230497,23.955139372822302,5.683362369337981,ok,418,12323,12323,candidate,744.0460359206019,0.0631304347826087,0.23837788148252576,1.0,1.0
939,496,325,241,0.8451118963486455,0.0005,0.17372671430470618,0.1814723745848081,0.17282229965156795,0.0005,0.11863644691380935,0.12448526489009036,0.5874564459930314,0.2113651808355344,0.2477983519793635,0.009294176312201296,0.02514279825681756,0.23755338545057053,0.27321929665800937,300,0.055855052102742775,0.22958176640744896,0.3333333333333333,-0.06079055436800646,10,0.6668230241229925,37.3125880311931,-7.6819153869937224,ok,1790,993,993,candidate,720.4878858322872,0.0005454545454545455,0.0020596135515019128,0.0006666666666666666,0.002517305451835671
