feature_id,source,n_low,n_high,encoder_decoder_cosine,shift_covariance_encoder_cosine,status,orthogonal_squared,total_squared,parallel_squared,p,null_mean,movable_fraction,tie_tolerance
72,fineweb-edu-sample,927,364,0.6067316964781921,0.8800713833234557,ok,41288.849856156376,262937.5967753543,221648.74691919793,0.0012,37400.50978945726,0.13400464756003097,4.1288849856156376e-06
72,wikimedia-en,1361,367,0.6067316964781921,0.9697874082957584,ok,61123.93320646677,611597.1679408369,550473.2347343701,0.0002,52009.37945766991,0.09027777777777778,6.112393320646677e-06
296,fineweb-edu-sample,1027,1022,0.19688113577238714,-0.2485242321332188,ok,246035.99343729345,248422.12447107318,2386.131033779731,0.0672,243372.00369134205,0.31137140068326014,2.4603599343729345e-05
296,wikimedia-en,707,1638,0.19688113577238714,0.16432231649478182,ok,381181.8231315699,428951.5654415661,47769.74230999624,0.0002,351334.9129779385,0.567590618336887,3.811818231315699e-05
575,fineweb-edu-sample,1666,1346,0.44107528979117877,0.985098050286272,ok,55302.750739777526,2300912.704853402,2245609.9541136245,0.0002,53148.013607794084,0.025232403718459494,5.530275073977753e-06
575,wikimedia-en,1785,1105,0.44107528979117877,0.990003619977033,ok,44838.841463368844,2749592.362750553,2704753.5212871847,0.14,44351.085927076165,0.027335640138408304,4.483884146336885e-06
665,fineweb-edu-sample,1603,1419,0.2877537938811877,0.6941478873647892,ok,72418.64592191637,204287.9841489078,131869.33822699136,0.0026,70221.30181371252,0.024818001323626736,7.2418645921916365e-06
665,wikimedia-en,1660,1025,0.2877537938811877,0.9635418071972732,ok,88223.33411280048,1337983.011455425,1249759.6773426246,0.178,87689.18022162255,0.027188081936685288,8.822333411280048e-06
710,fineweb-edu-sample,1531,307,0.5645908588518292,0.9580124194901595,ok,61297.49011335537,496999.08619336406,435701.59608000866,0.0002,53114.519404348226,0.06365614798694233,6.129749011335538e-06
710,wikimedia-en,484,45,0.5645908588518292,,insufficient_regime_support,,,,1.0,,,
802,fineweb-edu-sample,1637,385,0.643709905554884,0.9590684506631447,ok,52333.06798019493,156598.7003678744,104265.63238767945,0.3112,50224.38394533573,0.11918892185954501,5.2333067980194934e-06
802,wikimedia-en,780,101,0.643709905554884,-0.8840113700558291,ok,410628.3510083298,503848.23289473227,93219.88188640248,0.7904,417794.76984654553,0.03745743473325766,4.1062835100832976e-05
863,fineweb-edu-sample,2023,642,0.6081069726714234,0.9907527728129334,ok,36169.88378031718,569125.2220748113,532955.3382944943,0.0232,34196.94403875311,0.06641651031894934,3.616988378031718e-06
863,wikimedia-en,1749,455,0.6081069726714234,0.9948021035692626,ok,35749.006948407674,850894.1341678547,815145.127219447,0.006,33478.26348039287,0.0794010889292196,3.5749006948407675e-06
1076,fineweb-edu-sample,257,2637,0.2670564928676377,0.8937078886783696,ok,70986088.63839601,330068040.61262804,259081951.97423214,0.0536,69852502.00835237,0.0024187975120939877,0.007098608863839602
1076,wikimedia-en,72,2760,0.2670564928676377,,insufficient_regime_support,,,,1.0,,,
1635,fineweb-edu-sample,1631,498,0.6989160924383556,0.404078054781303,ok,65190.31403839651,86194.1508785536,21003.83684015711,0.0124,60114.434668763446,0.09769844997651479,6.519031403839651e-06
1635,wikimedia-en,1622,556,0.6989160924383556,-0.38442964663000173,ok,328025.5014146625,467528.16013473785,139502.65872007524,0.0236,286618.917131428,0.07483930211202938,3.280255014146625e-05
1645,fineweb-edu-sample,1036,342,0.21565098820984085,0.6806046604125754,ok,275733.7605630923,890671.2917308667,614937.5311677741,0.0002,81344.98182208293,0.7525399129172714,2.7573376056309233e-05
1645,wikimedia-en,1472,1117,0.21565098820984085,0.8851382724576782,ok,358396.84109749703,2834911.252499824,2476514.4114023275,0.0002,70922.45946794425,0.8999613750482812,3.5839684109749705e-05
1844,fineweb-edu-sample,377,2651,0.20784303337733406,0.9224252635891217,ok,97232.01034281304,627626.2282045104,530394.2178616975,1.0,115705.11955588056,0.9184280052840158,9.723201034281304e-06
1844,wikimedia-en,748,2015,0.20784303337733406,0.9924549778051108,ok,221297.77590224706,10713706.190347353,10492408.414445106,0.0002,48711.560562149265,0.9410061527325371,2.2129777590224707e-05
1892,fineweb-edu-sample,1501,448,0.49213086903652303,-0.7779813383907869,ok,90581.09448153005,330281.09213817306,239699.99765664304,0.0002,76379.16032359963,0.10826064648537712,9.058109448153005e-06
1892,wikimedia-en,1895,789,0.49213086903652303,-0.9093766777625677,ok,87775.43764307455,573580.3417690232,485804.90412594867,0.0002,77115.259321981,0.09314456035767511,8.777543764307455e-06
1903,fineweb-edu-sample,1264,261,0.5901530254962172,0.891544095725021,ok,87385.20836909501,248170.89811614898,160785.68974705398,0.0148,72983.83117951607,0.09704918032786886,8.738520836909502e-06
1903,wikimedia-en,834,73,0.5901530254962172,,insufficient_regime_support,,,,1.0,,,
2286,fineweb-edu-sample,1049,189,0.4885618452978754,-0.916446430835037,ok,246762.87405884085,966235.4258056282,719472.5517467872,0.1262,235300.59555290666,0.006462035541195477,2.4676287405884088e-05
2286,wikimedia-en,1687,290,0.4885618452978754,-0.9199101941009329,ok,271806.2766163814,948496.1556719544,676689.8790555728,0.1832,262873.3174425998,0.02276176024279211,2.7180627661638142e-05
2377,fineweb-edu-sample,1053,130,0.540862021708848,0.2447677160570513,ok,263013.49774094985,372203.06621681945,109189.56847586963,0.0028,188613.8205918599,0.13186813186813187,2.6301349774094987e-05
2377,wikimedia-en,1811,448,0.540862021708848,-0.5023746115936585,ok,648173.6674320595,1262501.060651606,614327.3932195465,0.0022,548764.5871011387,0.2412571934484285,6.481736674320595e-05
3136,fineweb-edu-sample,1818,953,0.7237565179363056,0.8526634209272232,ok,37273.85677420315,140928.25290167436,103654.39612747123,0.0018,36140.16752608259,0.020570191266690727,3.7273856774203152e-06
3136,wikimedia-en,1775,660,0.7237565179363056,0.6855975706817543,ok,48488.520617630005,122243.53892818578,73755.01831055578,0.0116,46961.507256285484,0.02751540041067762,4.848852061763e-06
6756,fineweb-edu-sample,1161,200,0.7610200608729529,-0.43393616870905727,ok,117361.35091124405,177715.16272471898,60353.811813474895,0.0004,104788.86872816549,0.060249816311535635,1.1736135091124406e-05
6756,wikimedia-en,1216,195,0.7610200608729529,-0.9655390018468741,ok,218592.15256650746,261595.18767879537,43003.035112287886,0.0002,184536.7413008136,0.09425939050318922,2.1859215256650746e-05
7511,fineweb-edu-sample,643,96,0.7159135185163976,,insufficient_regime_support,,,,1.0,,,
7511,wikimedia-en,762,86,0.7159135185163976,,insufficient_regime_support,,,,1.0,,,
8532,fineweb-edu-sample,1105,234,0.7308031958858964,0.5268174039806857,ok,134503.61501462146,170053.33343409968,35549.71841947822,0.104,130823.30521729661,0.04779686333084392,1.3450361501462147e-05
8532,wikimedia-en,1595,556,0.7308031958858964,-0.419847937198926,ok,143118.40764205137,191447.83180748243,48329.42416543108,0.0066,133984.49639274005,0.15016271501627151,1.4311840764205138e-05
10392,fineweb-edu-sample,2259,149,0.8606976163045298,0.16278257104293808,ok,886802.3571424892,1097777.70476679,210975.3476243004,0.0812,811309.8611885429,0.010382059800664452,8.868023571424893e-05
10392,wikimedia-en,1841,914,0.8606976163045298,-0.24848905174831745,ok,11220729.88711758,11311398.731421718,90668.84430413663,0.434,11210182.469497262,0.010163339382940109,0.001122072988711758
12335,fineweb-edu-sample,2295,634,0.8951381308866011,-0.47782195199501104,ok,8294889.122069541,8297870.846196538,2981.7241269962656,0.4698,8288150.463488883,0.0054626152270399455,0.0008294889122069541
12335,wikimedia-en,1963,900,0.8951381308866011,-0.4804363819666364,ok,9284512.856767293,9287776.248572776,3263.391805482026,0.0002,8623460.934264096,0.022004889975550123,0.0009284512856767293
17857,fineweb-edu-sample,153,7,0.6084850046502537,,insufficient_regime_support,,,,1.0,,,
17857,wikimedia-en,1446,309,0.6084850046502537,0.9378972267783824,ok,102013.77066799486,280976.4349553022,178962.6642873073,0.0002,72994.1506430732,0.15384615384615385,1.0201377066799487e-05
28027,fineweb-edu-sample,2088,787,0.8729595457200492,0.9865178152988049,ok,768209.7915569678,1210371.029564249,442161.23800728115,0.0002,710173.6741041208,0.05565217391304348,7.682097915569678e-05
28027,wikimedia-en,1751,1052,0.8729595457200492,0.982902215584699,ok,697481.3722340062,1038454.2492873813,340972.8770533753,0.0002,625626.0309887786,0.09596860506600072,6.974813722340062e-05
35053,fineweb-edu-sample,1614,623,0.842929784488031,0.2685025661548994,ok,537537.0720202264,599568.4851431197,62031.41312289326,0.1142,534338.7120405128,0.013410818059901655,5.375370720202264e-05
35053,wikimedia-en,1906,424,0.842929784488031,-0.7180633749968635,ok,799668.3573508069,829185.1452036841,29516.787852877,0.8088,804974.4155872856,0.025321888412017168,7.99668357350807e-05
