feature_id,source,binary_native_cosine,binary_native_orthogonal_cosine,decoder_low_neighbor_jaccard,decoder_high_neighbor_jaccard,decoder_neighbor_ids
87,fineweb-edu-sample,0.6847631533839896,0.8875728512636424,0.0,0.0,"[272, 1126, 1385, 1500, 1501, 1582, 1871, 1995, 6421, 6885, 10993, 12706, 12775, 17210, 31784, 39787, 45557, 45781, 53484, 64840]"
87,wikimedia-en,0.9067005681444643,0.9391490948631827,0.0,0.0,"[272, 1126, 1385, 1500, 1501, 1582, 1871, 1995, 6421, 6885, 10993, 12706, 12775, 17210, 31784, 39787, 45557, 45781, 53484, 64840]"
129,fineweb-edu-sample,0.7662900630691323,0.8295686474711832,0.0,0.0,"[272, 399, 459, 762, 994, 1385, 1582, 6421, 6885, 17210, 20151, 31784, 39787, 45557, 45781, 50720, 53484, 53518, 60428, 64840]"
129,wikimedia-en,0.9556302426986133,0.9652329914378733,0.0,0.0,"[272, 399, 459, 762, 994, 1385, 1582, 6421, 6885, 17210, 20151, 31784, 39787, 45557, 45781, 50720, 53484, 53518, 60428, 64840]"
141,fineweb-edu-sample,0.9476239687871985,0.9489667511945625,0.0,0.0,"[399, 1363, 1445, 1603, 4316, 6174, 6421, 6885, 12706, 12775, 17210, 31784, 39787, 45557, 45781, 50720, 53484, 53518, 60428, 64840]"
141,wikimedia-en,0.9737592303533024,0.9771787513632575,0.0,0.0,"[399, 1363, 1445, 1603, 4316, 6174, 6421, 6885, 12706, 12775, 17210, 31784, 39787, 45557, 45781, 50720, 53484, 53518, 60428, 64840]"
157,fineweb-edu-sample,0.9621389801755337,0.9601591269813962,0.05263157894736842,0.21212121212121213,"[578, 599, 624, 744, 867, 1079, 1147, 1340, 1371, 1501, 1539, 1599, 1871, 2065, 2618, 4172, 7258, 20315, 23679, 31784]"
157,wikimedia-en,0.9381559191383572,0.9316922532294986,0.02564102564102564,0.02564102564102564,"[578, 599, 624, 744, 867, 1079, 1147, 1340, 1371, 1501, 1539, 1599, 1871, 2065, 2618, 4172, 7258, 20315, 23679, 31784]"
252,fineweb-edu-sample,0.9687339970126186,0.975964721080565,0.0,0.0,"[19, 1073, 1385, 1950, 1997, 2150, 4316, 7766, 14099, 17210, 20151, 33575, 39787, 45557, 45781, 45886, 50720, 53484, 60428, 64840]"
252,wikimedia-en,0.9528426048128317,0.9512942446263838,0.0,0.0,"[19, 1073, 1385, 1950, 1997, 2150, 4316, 7766, 14099, 17210, 20151, 33575, 39787, 45557, 45781, 45886, 50720, 53484, 60428, 64840]"
839,fineweb-edu-sample,0.7839213588493751,0.8212857722426782,0.0,0.02564102564102564,"[492, 940, 2462, 2524, 2552, 3506, 4531, 7766, 8855, 10099, 11170, 12331, 14099, 17210, 31872, 39787, 41335, 45557, 45781, 53484]"
839,wikimedia-en,0.7531372683971177,0.7655474080149001,0.02564102564102564,0.0,"[492, 940, 2462, 2524, 2552, 3506, 4531, 7766, 8855, 10099, 11170, 12331, 14099, 17210, 31872, 39787, 41335, 45557, 45781, 53484]"
905,fineweb-edu-sample,0.7178219470792934,0.8624679627491371,0.0,0.0,"[21, 242, 629, 875, 1174, 1188, 1283, 1500, 1686, 1871, 1961, 2065, 6421, 7513, 12706, 12775, 31784, 39787, 51357, 64840]"
905,wikimedia-en,0.8609699725196642,0.9490812335171436,0.0,0.0,"[21, 242, 629, 875, 1174, 1188, 1283, 1500, 1686, 1871, 1961, 2065, 6421, 7513, 12706, 12775, 31784, 39787, 51357, 64840]"
1199,fineweb-edu-sample,0.792466823324751,0.8642095945480766,0.0,0.0,"[272, 871, 1112, 1307, 1385, 1488, 1501, 2665, 4524, 4799, 4990, 12775, 31784, 45557, 45781, 49781, 53484, 53518, 60428, 64840]"
1199,wikimedia-en,0.8684115229048176,0.9172277713323933,0.0,0.0,"[272, 871, 1112, 1307, 1385, 1488, 1501, 2665, 4524, 4799, 4990, 12775, 31784, 45557, 45781, 49781, 53484, 53518, 60428, 64840]"
1247,fineweb-edu-sample,0.8836272697903942,0.850463759938481,0.05263157894736842,0.08108108108108109,"[60, 510, 729, 1049, 1582, 1683, 1900, 1932, 1995, 2063, 2066, 2225, 2289, 2378, 4901, 5877, 8890, 10553, 20512, 22237]"
1247,wikimedia-en,0.9635278848556865,0.9692270581165351,0.0,0.08108108108108109,"[60, 510, 729, 1049, 1582, 1683, 1900, 1932, 1995, 2063, 2066, 2225, 2289, 2378, 4901, 5877, 8890, 10553, 20512, 22237]"
1284,fineweb-edu-sample,0.8931889459307704,0.8927288317229846,0.0,0.0,"[1385, 1861, 6421, 6941, 7766, 10993, 12775, 14099, 17210, 20151, 39787, 45557, 45781, 45886, 49781, 50720, 53484, 53518, 60428, 64840]"
1284,wikimedia-en,0.944171467946168,0.909995859171623,0.0,0.0,"[1385, 1861, 6421, 6941, 7766, 10993, 12775, 14099, 17210, 20151, 39787, 45557, 45781, 45886, 49781, 50720, 53484, 53518, 60428, 64840]"
1772,fineweb-edu-sample,0.8326854410889356,0.8188100231577259,0.02564102564102564,0.02564102564102564,"[993, 1281, 1997, 2087, 2150, 3029, 7634, 7766, 14099, 17210, 20151, 40958, 45557, 45781, 45886, 48022, 50720, 53484, 53518, 60428]"
1772,wikimedia-en,0.9178353603891647,0.9237434788910439,0.0,0.02564102564102564,"[993, 1281, 1997, 2087, 2150, 3029, 7634, 7766, 14099, 17210, 20151, 40958, 45557, 45781, 45886, 48022, 50720, 53484, 53518, 60428]"
1827,fineweb-edu-sample,0.8173795472500848,0.9339830117151381,0.02564102564102564,0.02564102564102564,"[272, 325, 397, 492, 638, 762, 940, 1126, 1199, 1391, 1453, 1488, 4799, 4990, 8200, 14099, 27792, 48022, 53484, 64840]"
1827,wikimedia-en,0.8960391163557087,0.9190677723621152,0.02564102564102564,0.02564102564102564,"[272, 325, 397, 492, 638, 762, 940, 1126, 1199, 1391, 1453, 1488, 4799, 4990, 8200, 14099, 27792, 48022, 53484, 64840]"
2193,fineweb-edu-sample,0.8383091666012972,0.9247196828459432,0.0,0.14285714285714285,"[104, 126, 177, 447, 612, 628, 1105, 1351, 1581, 1871, 2007, 2066, 2488, 3156, 3817, 4316, 4777, 5458, 40694, 64840]"
2193,wikimedia-en,0.8564866395692314,0.9276721924979526,0.02564102564102564,0.1111111111111111,"[104, 126, 177, 447, 612, 628, 1105, 1351, 1581, 1871, 2007, 2066, 2488, 3156, 3817, 4316, 4777, 5458, 40694, 64840]"
2241,fineweb-edu-sample,0.9104348305911251,0.916692285014025,0.1111111111111111,0.08108108108108109,"[60, 418, 643, 675, 774, 800, 881, 1344, 1524, 1539, 1703, 1819, 1822, 1900, 1995, 2024, 2199, 2747, 3505, 3709]"
2241,wikimedia-en,0.9669490252942322,0.9663164238191858,0.05263157894736842,0.1111111111111111,"[60, 418, 643, 675, 774, 800, 881, 1344, 1524, 1539, 1703, 1819, 1822, 1900, 1995, 2024, 2199, 2747, 3505, 3709]"
4714,fineweb-edu-sample,0.8018860373973746,0.9427917810877143,0.02564102564102564,0.02564102564102564,"[472, 1326, 2289, 3397, 6336, 6795, 7265, 8481, 9295, 12593, 14176, 15714, 19811, 49653, 51753, 54854, 60643, 61812, 63004, 64960]"
4714,wikimedia-en,0.9301700573316969,0.9816839183243472,0.02564102564102564,0.02564102564102564,"[472, 1326, 2289, 3397, 6336, 6795, 7265, 8481, 9295, 12593, 14176, 15714, 19811, 49653, 51753, 54854, 60643, 61812, 63004, 64960]"
6629,fineweb-edu-sample,0.9113799096528353,0.9357395962149185,0.02564102564102564,0.05263157894736842,"[2025, 3571, 9398, 9679, 15069, 17542, 18127, 22374, 23579, 27279, 33554, 35286, 37673, 37795, 41105, 49801, 49914, 50652, 55218, 59995]"
6629,wikimedia-en,0.9255817491706493,0.9515682418223259,0.0,0.02564102564102564,"[2025, 3571, 9398, 9679, 15069, 17542, 18127, 22374, 23579, 27279, 33554, 35286, 37673, 37795, 41105, 49801, 49914, 50652, 55218, 59995]"
6846,fineweb-edu-sample,0.7711553206237837,0.7503036746865915,0.02564102564102564,0.02564102564102564,"[657, 2118, 3353, 4264, 4266, 4531, 5861, 6100, 6903, 7378, 9054, 9490, 10595, 10759, 11321, 12623, 14590, 14694, 21220, 52804]"
6846,wikimedia-en,0.9540712196212613,0.9535744263362337,0.0,0.0,"[657, 2118, 3353, 4264, 4266, 4531, 5861, 6100, 6903, 7378, 9054, 9490, 10595, 10759, 11321, 12623, 14590, 14694, 21220, 52804]"
6903,fineweb-edu-sample,0.7109592447481352,0.6863169130697739,0.02564102564102564,0.1111111111111111,"[5861, 6100, 6103, 6846, 7218, 8457, 9054, 9142, 9638, 10759, 10940, 14147, 14590, 14694, 16425, 17555, 21220, 23133, 38820, 52804]"
6903,wikimedia-en,0.9187632887977872,0.9180365961820655,0.0,0.02564102564102564,"[5861, 6100, 6103, 6846, 7218, 8457, 9054, 9142, 9638, 10759, 10940, 14147, 14590, 14694, 16425, 17555, 21220, 23133, 38820, 52804]"
7122,fineweb-edu-sample,0.9147254208183001,0.9395653182731485,0.0,0.0,"[503, 1012, 1392, 4386, 4886, 5965, 6123, 7007, 7457, 10850, 11756, 12146, 16486, 16661, 20512, 21404, 41385, 43881, 48957, 50174]"
7122,wikimedia-en,0.9569359032501809,0.9700922049555347,0.0,0.0,"[503, 1012, 1392, 4386, 4886, 5965, 6123, 7007, 7457, 10850, 11756, 12146, 16486, 16661, 20512, 21404, 41385, 43881, 48957, 50174]"
11908,fineweb-edu-sample,0.9858149482986669,0.9916871816742944,0.0,0.05263157894736842,"[3272, 8753, 12462, 15401, 22034, 23600, 31750, 33839, 34870, 36117, 36832, 43855, 44732, 45987, 49735, 55933, 57525, 57678, 61329, 63243]"
11908,wikimedia-en,0.980422597790322,0.9885489945668471,0.02564102564102564,0.08108108108108109,"[3272, 8753, 12462, 15401, 22034, 23600, 31750, 33839, 34870, 36117, 36832, 43855, 44732, 45987, 49735, 55933, 57525, 57678, 61329, 63243]"
14064,fineweb-edu-sample,0.846495917450754,0.8344928998954129,0.02564102564102564,0.02564102564102564,"[3884, 4656, 4729, 6386, 6846, 6944, 8730, 10014, 10209, 10759, 13708, 14147, 14700, 15619, 18892, 21464, 26341, 26708, 36771, 37556]"
14064,wikimedia-en,0.7916982405986319,0.7646543880063935,0.02564102564102564,0.05263157894736842,"[3884, 4656, 4729, 6386, 6846, 6944, 8730, 10014, 10209, 10759, 13708, 14147, 14700, 15619, 18892, 21464, 26341, 26708, 36771, 37556]"
21515,fineweb-edu-sample,0.9773958655167003,0.977683017163607,0.0,0.0,"[4032, 5790, 8021, 8143, 8935, 9340, 9975, 10197, 10704, 11196, 11806, 12898, 13394, 14213, 20854, 22345, 23548, 34153, 49173, 52133]"
21515,wikimedia-en,0.909039891889819,0.9072034992985449,0.0,0.02564102564102564,"[4032, 5790, 8021, 8143, 8935, 9340, 9975, 10197, 10704, 11196, 11806, 12898, 13394, 14213, 20854, 22345, 23548, 34153, 49173, 52133]"
25249,fineweb-edu-sample,0.9824045936379802,0.9894862326627563,0.0,0.02564102564102564,"[4735, 6737, 9227, 9567, 10781, 13877, 19462, 19791, 26484, 27592, 28435, 30978, 31195, 35239, 35359, 49106, 50189, 53403, 57458, 64872]"
25249,wikimedia-en,0.9789991988420568,0.987984901154697,0.0,0.02564102564102564,"[4735, 6737, 9227, 9567, 10781, 13877, 19462, 19791, 26484, 27592, 28435, 30978, 31195, 35239, 35359, 49106, 50189, 53403, 57458, 64872]"
34492,fineweb-edu-sample,0.922226019052462,0.92118953744629,0.0,0.0,"[2536, 5132, 6491, 8730, 9024, 9636, 9839, 10285, 11643, 11933, 14743, 14959, 15150, 15280, 15286, 15602, 20801, 30135, 32300, 45155]"
34492,wikimedia-en,0.7684098625781787,0.7358497213159807,0.0,0.0,"[2536, 5132, 6491, 8730, 9024, 9636, 9839, 10285, 11643, 11933, 14743, 14959, 15150, 15280, 15286, 15602, 20801, 30135, 32300, 45155]"
