feature_id,source,n_low,n_high,documents_low,documents_high,assignment_rate,token_identity_p,token_identity_null_mean,token_identity_null_p95,token_identity_movable_fraction,js_ci_low,js_ci_high,js_bootstrap_se,js_bootstrap_bias,js_bootstrap_percentile_low,js_bootstrap_percentile_high,bootstrap_valid,null_excess,null_excess_kind,js_bits,neighbor_jaccard,shared_rank_spearman,shared_neighbors,cosine,conditional_l1,conditional_mass_change,status,partner_count
87,fineweb-edu-sample,1886,1099,1886,1099,1.0,0.0001,0.05070582560251818,0.05117623474326439,0.02747068676716918,0.047827488656171806,0.05605289502343553,0.0020983179508325834,0.019021607896388543,0.06697195925287056,0.07507302129624795,1000,0.0012343662372854905,token_identity,0.05194019183980367,0.6,0.9535714285714283,15,0.9602532636311779,21.80656376132935,1.2772037049009128,ok,3911
87,wikimedia-en,1666,783,1666,783,1.0,0.0001,0.0561031163942976,0.05712781119177032,0.06778276847692936,0.05432614917842285,0.06686602246697516,0.003198947267487837,0.0202570808026424,0.07474875330566587,0.08694445258618229,1000,0.004492969428401404,token_identity,0.06059608582269901,0.5384615384615384,0.9868131868131869,14,0.9551005525266233,23.07538264347885,1.1609187736397288,ok,3153
129,fineweb-edu-sample,2064,881,2064,881,1.0,0.0001,0.04706918254812462,0.048529364776463496,0.30492359932088287,0.05159861909963188,0.062208273373413066,0.0027065444575972426,0.02636989886610048,0.07816049617441391,0.08860804615202952,1000,0.009834263688397848,token_identity,0.05690344623652247,0.48148148148148145,0.5557089163595367,13,0.918080567442648,21.879670080687028,2.0897852158839925,ok,4517
129,wikimedia-en,1798,380,1798,380,1.0,0.0001,0.0750883418273357,0.07840672581014915,0.26721763085399447,0.0809065425931718,0.10207831503112615,0.005400962356621006,0.0393922219607562,0.12052619534640485,0.1423746905817645,1000,0.01640408698481327,token_identity,0.09149242881214897,0.2903225806451613,0.6666666666666667,9,0.8951682536043891,26.395600374685323,2.108737778818565,ok,3400
141,fineweb-edu-sample,2031,648,2031,648,1.0,0.0001,0.04095743891804948,0.041907465576645604,0.20865994774169466,0.03920177586858649,0.04947310917984882,0.002620238089607736,0.03157075589337655,0.07078624184880752,0.08141810859063466,1000,0.0033800036061681707,token_identity,0.04433744252421765,0.6,0.5831842576028622,15,0.9487380387503328,18.85418604227073,1.2946687455550077,ok,4157
141,wikimedia-en,1707,276,1707,276,1.0,0.0001,0.0786006204669591,0.08113810833638609,0.0897629853756934,0.07481966148958742,0.09702381173408221,0.005664324041962955,0.04861998982089007,0.12367767752904205,0.14594755445435992,1000,0.007321116144875711,token_identity,0.08592173661183482,0.48148148148148145,0.6483516483516483,13,0.9102851868181561,24.865738264435443,1.2309734851379233,ok,3148
157,fineweb-edu-sample,1540,520,1540,520,1.0,0.0001,0.055494666220753996,0.05721100488273467,0.17524271844660194,0.05611984374809305,0.06989594001806139,0.0035143102729511084,0.031681824138539594,0.0881393815691652,0.1020348086395145,1000,0.007513225662323222,token_identity,0.06300789188307722,0.3793103448275862,0.4100238428203847,11,0.9101827021456813,22.513061938061938,3.843281718281716,ok,3246
157,wikimedia-en,860,211,860,211,1.0,0.0002,0.09264981669382102,0.09627874353331474,0.0915032679738562,0.08416611020086422,0.11464359924642654,0.007774869654480188,0.04227695168343662,0.12764880947964788,0.15756236370674212,1000,0.006755038029824356,token_identity,0.09940485472364538,0.3793103448275862,0.5727272727272729,11,0.8866251384149192,23.860779235093133,4.349592196627356,ok,1721
252,fineweb-edu-sample,1405,418,1405,418,1.0,0.0001,0.07359102764571189,0.07687070566423383,0.19967087218869994,0.08310429109839913,0.1070678368259425,0.006113149420291671,0.0337677844096709,0.11764658801266635,0.14197973744525336,1000,0.021495036316458924,token_identity,0.09508606396217081,0.3333333333333333,-0.006060606060606061,10,0.8487770726196477,27.680086499003895,4.997187079636973,ok,2888
252,wikimedia-en,1566,413,1566,413,1.0,0.0001,0.061534051196843104,0.06401309513935852,0.23799898938858008,0.07134191296684146,0.08897145203502287,0.004497331394944236,0.03250911535553343,0.10413486819718339,0.12225710121456453,1000,0.01862263130408906,token_identity,0.08015668250093216,0.42857142857142855,0.5614035087719299,12,0.909778647495889,25.721093515658097,3.4457293145194967,ok,2932
839,fineweb-edu-sample,1749,1276,1749,1276,1.0,0.0001,0.04856020683079678,0.05022777044462363,0.33289256198347106,0.06143673861580971,0.07187206008008244,0.002662071802110389,0.024070614755631964,0.08572888492904664,0.09618595586059672,1000,0.018094192517149298,token_identity,0.06665439934794608,0.25,0.7857142857142858,8,0.8537132707845239,20.71948009700124,-0.3602600500778763,ok,4333
839,wikimedia-en,1967,854,1967,854,1.0,0.0001,0.09471360525365219,0.09831076291991014,0.47997164126196384,0.13607004275233897,0.16132479096831615,0.006442537810198263,0.02379075269943548,0.16002983679247956,0.1852718864636682,1000,0.05398381160667537,token_identity,0.14869741686032756,0.21212121212121213,0.3571428571428572,7,0.7383538380861793,31.303145340745246,-0.3132547692666634,ok,3293
905,fineweb-edu-sample,1850,1171,1850,1171,1.0,0.0001,0.046384494878872425,0.046966718300081166,0.03475670307845084,0.04430266584264042,0.051825206107165164,0.0019190153736032523,0.020422572809069457,0.06476369544178669,0.07259562194381261,1000,0.001679441096030368,token_identity,0.04806393597490279,0.6666666666666666,0.85,16,0.9491143788083827,20.40064255545041,2.7803337410852365,ok,4304
905,wikimedia-en,1716,772,1716,772,1.0,0.0001,0.054667897442815645,0.05578867342460356,0.05305466237942122,0.05347707306520144,0.06415945876940018,0.0027250983939282494,0.022647624847223297,0.07626956773858605,0.08704858253332923,1000,0.004150368474485168,token_identity,0.05881826591730081,0.8181818181818182,0.8617131062951496,18,0.950076333268555,22.051901035061654,1.5419550225249736,ok,3468
1199,fineweb-edu-sample,1816,1175,1816,1175,1.0,0.0001,0.04203297113224921,0.04324572645260304,0.3316616516215313,0.0468987601107723,0.055724503125740295,0.0022514650548387735,0.021102609768336465,0.0681542424483158,0.07734203099134711,1000,0.00927866048600709,token_identity,0.0513116316182563,0.6666666666666666,0.7284770184102595,16,0.9256372179718197,21.01511247539601,3.815684225325711,ok,4291
1199,wikimedia-en,1652,771,1652,771,1.0,0.0001,0.0568051370433039,0.05902421169819304,0.387536112257532,0.07065239489964834,0.08462692285097972,0.0035649305998294327,0.023101156627816838,0.09404027055104011,0.1079024655169283,1000,0.02083452183201013,token_identity,0.07763965887531403,0.42857142857142855,0.22377622377622378,12,0.9050195976990522,23.740997823649675,3.5739354569236497,ok,3209
1247,fineweb-edu-sample,2000,565,2000,565,1.0,0.0001,0.07407451612070196,0.07605151124531703,0.18791423001949317,0.07725037947863647,0.09374817844167965,0.00420862218444979,0.033730695319036094,0.11147244528614365,0.12781943164133383,1000,0.011424762839456107,token_identity,0.08549927896015806,0.21212121212121213,0.03571428571428572,7,0.8590519303004405,27.110986725663714,3.9595884955752254,ok,4129
1247,wikimedia-en,1894,962,1894,962,1.0,0.0001,0.07902389023824856,0.08048566137978506,0.20553221288515405,0.08172879055688034,0.09689250915352368,0.0038682955603682005,0.020399207496446997,0.10245078577621745,0.11743097264503662,1000,0.010286759616953453,token_identity,0.08931064985520201,0.2903225806451613,0.6166666666666666,9,0.8846671493302845,30.40606840290051,6.237678015925113,ok,3986
1284,fineweb-edu-sample,1822,1126,1822,1126,1.0,0.0001,0.04228572391116561,0.04401107327011067,0.4559023066485753,0.05664795896988639,0.06704984081432132,0.002653541286845646,0.021012170259809206,0.07790311614682045,0.08811844636616172,1000,0.019563175980938242,token_identity,0.061848899892103855,0.42857142857142855,0.6713286713286714,12,0.9010735873997484,24.338080262354914,2.891109841623887,ok,4259
1284,wikimedia-en,1831,581,1831,581,1.0,0.0001,0.07042196985366465,0.07345798730245039,0.3959369817578773,0.09696215981537068,0.11642612959219517,0.004965298412455229,0.028361236734847903,0.12583006569436794,0.14527952523466572,1000,0.03627217485011827,token_identity,0.10669414470378293,0.3333333333333333,0.35757575757575755,10,0.85598969652275,29.469760135964002,1.7817215652028366,ok,3408
1772,fineweb-edu-sample,1021,161,1021,161,1.0,0.0655,0.10686296192486638,0.10969582131984301,0.07529610829103214,0.09076556258547969,0.12818123622624997,0.009544814704278136,0.06461205739382271,0.15722190064614028,0.19441136932974593,1000,0.0026104374809984426,token_identity,0.10947339940586483,0.42857142857142855,0.06666666666666667,12,0.8556897016603495,23.30416532324295,3.913530152511548,ok,2015
1772,wikimedia-en,1074,212,1074,212,1.0,0.0001,0.14388729496014635,0.14693738773452245,0.07387247278382582,0.1339300320020353,0.1733059216531146,0.0100448698089488,0.04349579381520763,0.17867768574568815,0.21752228955152353,1000,0.009730681867428592,token_identity,0.15361797682757494,0.14285714285714285,0.7,5,0.7959373486704495,31.178560134921476,-1.567232353044517,ok,2038
1827,fineweb-edu-sample,1698,1282,1698,1282,1.0,0.0001,0.059173366418794525,0.060657633962580865,0.31912751677852347,0.06288600369136116,0.07565056313305282,0.003256265163696853,0.021657316654963732,0.0846574609759812,0.09753666792058788,1000,0.010094916993412466,token_identity,0.06926828341220699,0.6,0.823950284328632,15,0.9085081482919193,23.98080149354384,1.908136396127226,ok,4288
1827,wikimedia-en,1586,821,1586,821,1.0,0.0001,0.13982304078294244,0.14190496404520928,0.2912339011217283,0.13892383434404112,0.1631925884432285,0.006191008698772289,0.02171932666727036,0.16089023752850026,0.18445021650557544,1000,0.011235170610692374,token_identity,0.15105821139363482,0.2903225806451613,0.6778302010921357,9,0.7839436929715087,32.39311315668617,1.879030585835558,ok,3211
2193,fineweb-edu-sample,1740,480,1740,480,1.0,0.0001,0.09691643931211992,0.09870288032880212,0.027477477477477478,0.09197045607633038,0.10990992769934525,0.004576395822197675,0.032449374982999546,0.12465017699827562,0.1421667307111044,1000,0.0040237525757178955,token_identity,0.10094019188783782,0.3333333333333333,0.6121212121212121,10,0.8710905245057966,29.101293103448274,3.0304597701149376,ok,3403
2193,wikimedia-en,1622,1027,1622,1027,1.0,0.0001,0.08577228592007255,0.08738146245390933,0.07097017742544356,0.08464660462250473,0.0979108576031357,0.0033837380052630047,0.019150318220891735,0.10396100916695934,0.11683719501996744,1000,0.005506445192747664,token_identity,0.09127873111282021,0.3793103448275862,0.5375868161422822,11,0.878149373081039,29.5497828663088,4.975853556922409,ok,3630
2241,fineweb-edu-sample,1434,316,1434,316,1.0,0.0001,0.08191824580097187,0.0846187516687289,0.13485714285714287,0.07844629521533669,0.10197462221415562,0.006002124234392589,0.03959521811909507,0.11908363785741082,0.14112575495333451,1000,0.008292212913774286,token_identity,0.09021045871474616,0.25,0.5269555552418339,8,0.8609874294569034,27.853251946401144,5.977194887276454,ok,2875
2241,wikimedia-en,1410,530,1410,530,1.0,0.0001,0.08046723843671252,0.0824509175645295,0.22628865979381443,0.08237202408652333,0.10240744475043154,0.005111076699976586,0.025774307960935328,0.10894233330642937,0.1284761648583074,1000,0.01192249598176491,token_identity,0.09238973441847743,0.48148148148148145,0.6813186813186813,13,0.8955922090850866,28.482670948748826,3.663348052990763,ok,2743
4714,fineweb-edu-sample,1915,1069,1915,1069,1.0,0.0001,0.0516648460588168,0.05227870702480837,0.04155495978552279,0.04855715777500932,0.057553559537209885,0.002295000449540961,0.022835389820606393,0.07159675602522117,0.08053928998735996,1000,0.001390512597292802,token_identity,0.0530553586561096,0.7391304347826086,0.8088235294117647,17,0.9452557937996756,21.50202697916845,2.866258453887994,ok,4576
4714,wikimedia-en,1899,920,1899,920,1.0,0.0001,0.0696512989026848,0.07044994296097587,0.0478893224547712,0.0656200238729676,0.07874435906365908,0.0033480446915029275,0.021943564680501182,0.08771014852529066,0.10084200016545011,1000,0.002530892565628537,token_identity,0.07218219146831334,0.6666666666666666,0.753495421062733,16,0.9322469872213466,25.927553975776725,3.4895934931428343,ok,4054
6629,fineweb-edu-sample,1540,492,1540,492,1.0,0.016,0.05979663949115463,0.060601739305176046,0.0344488188976378,0.054302253469334365,0.0673515005859316,0.0033288895705605214,0.031978487697495804,0.08669311895814888,0.09948190212212182,1000,0.001030237536478358,token_identity,0.06082687702763299,0.6,0.6541557571893262,15,0.9400857392390894,22.911054798859674,5.4279273571956494,ok,3354
6629,wikimedia-en,1568,478,1568,478,1.0,0.0001,0.07487337836361843,0.07640685626912122,0.050342130987292275,0.06937004231963889,0.08787931276782307,0.004721752665353107,0.029665837601732373,0.0994168845202874,0.11732462669575658,1000,0.0037512991801125495,token_identity,0.07862467754373098,0.6,0.9214285714285713,15,0.92228161342927,26.5530804371958,3.82923640167364,ok,3165
6846,fineweb-edu-sample,2018,427,2018,427,1.0,0.0035,0.051781688084657225,0.05310485152902832,0.14151329243353783,0.04672370535275514,0.06134327593430052,0.0037294822912105575,0.04442668451472466,0.09177190519663683,0.10629696131246488,1000,0.0022518025588706067,token_identity,0.05403349064352783,0.7391304347826086,0.9355434543601683,17,0.94727605663066,18.42090854441177,1.4770055449432817,ok,3867
6846,wikimedia-en,1664,222,1664,222,1.0,0.3939,0.08266114644032309,0.08521609190550798,0.0816542948038176,0.06906800922153591,0.09700560692931151,0.0071269381907590815,0.06071389071286995,0.13150735976981598,0.15945618749339857,1000,0.0003756616351006242,token_identity,0.08303680807542371,0.42857142857142855,0.9473742528603802,12,0.935684812304162,20.138448544698544,1.467104123354126,ok,2884
6903,fineweb-edu-sample,1152,194,1152,194,1.0,0.2724,0.07573884202234181,0.07738968338897155,0.04457652303120357,0.06052619163631111,0.09224256905393934,0.008090912606537815,0.0629885585324464,0.12452744585071873,0.15680103403706758,1000,0.0006455383227834122,token_identity,0.07638438034512522,0.48148148148148145,0.735539981108518,13,0.9114513491501522,17.067860466781216,-0.9503060567010309,ok,2082
6903,wikimedia-en,1194,143,1194,143,1.0,0.4857,0.09963102426481495,0.1030160360956884,0.02916978309648467,0.0792458761907852,0.12008911227478951,0.01041919287857253,0.0724635787799718,0.1540797160907786,0.19366431557950317,1000,3.646996797240787e-05,token_identity,0.09966749423278735,0.48148148148148145,0.8775799223697635,13,0.9161127404096593,20.315839102271262,-0.2422192547820643,ok,2101
7122,fineweb-edu-sample,1935,732,1935,732,1.0,0.0001,0.04221831513399988,0.043900844093931836,0.4289463817022872,0.05012931257364893,0.061737459737345596,0.0029612620315552737,0.027764986636404955,0.07803516905073639,0.08980827286192111,1000,0.013715071021497383,token_identity,0.05593338615549726,0.3793103448275862,0.7093840083598307,11,0.9255033826801543,21.53408099292583,3.902463252425129,ok,4013
7122,wikimedia-en,1470,594,1470,594,1.0,0.0001,0.052243815999440404,0.05444787809389222,0.46656976744186046,0.060327148441678996,0.0752514268643806,0.003807213883342247,0.026013845284790837,0.08657468700178728,0.10146091542644244,1000,0.015545471653589396,token_identity,0.0677892876530298,0.6,0.47048300536672627,15,0.9325057121555027,22.300975743832886,5.628660757232183,ok,2954
11908,fineweb-edu-sample,1597,1128,1597,1128,1.0,0.0022,0.13063998726055548,0.13191232187498478,0.02091743119266055,0.12028877462686197,0.14521783847026046,0.00635945506209145,0.02193293757355838,0.1432206537274465,0.167210749879234,1000,0.0021133192880057328,token_identity,0.1327533065485612,0.21212121212121213,0.42857142857142866,7,0.7431782525722546,36.346660071854586,0.3917346132153767,ok,4154
11908,wikimedia-en,1270,1512,1270,1512,1.0,0.0001,0.13022172000147708,0.13182038058856616,0.027677929547088427,0.12357914655545855,0.1468478275572568,0.005935888010662823,0.016974640121736856,0.14111811665785398,0.16395270856686672,1000,0.004991767054880608,token_identity,0.1352134870563577,0.17647058823529413,0.08571428571428573,6,0.751707788921891,37.18453110027913,1.1899595883847738,ok,3476
14064,fineweb-edu-sample,1892,538,1892,538,1.0,0.0001,0.04504292951809964,0.04639701966237864,0.20041152263374484,0.04391679780913674,0.055853596952158815,0.003045101822199511,0.035183153066414584,0.07923678122701688,0.09133265038882166,1000,0.004842267862548134,token_identity,0.049885197380647776,0.7391304347826086,0.6372549019607844,17,0.9448960709689679,19.873356413621824,3.624710186502348,ok,3891
14064,wikimedia-en,1754,557,1754,557,1.0,0.0001,0.042986383800441196,0.04454365194608873,0.27953266983989616,0.04171134200208764,0.05353094176809648,0.0030152040219410293,0.03197444764903078,0.07392994768685071,0.08612429925851542,1000,0.004634758084650865,token_identity,0.04762114188509206,0.8181818181818182,0.64462844315013,18,0.9437077502093251,17.961770889416137,2.876831412785144,ok,3304
21515,fineweb-edu-sample,1732,423,1732,423,1.0,0.1761,0.06994012106439587,0.07128212100869984,0.03665893271461717,0.06019810447435694,0.08123297524434464,0.005366038461731558,0.04105811737152733,0.10188934356658248,0.12297221272743968,1000,0.0007754187949549213,token_identity,0.07071553985935079,0.42857142857142855,0.6223776223776225,12,0.9169800540541693,21.175331269552682,2.7948667551144126,ok,3314
21515,wikimedia-en,1740,609,1740,609,1.0,0.0118,0.04161639700542135,0.04276499513185913,0.10855683269476372,0.036789266659443515,0.049596050798264596,0.0032670367701074206,0.028001149039920556,0.06518440929946259,0.07784677128177904,1000,0.001576261723432705,token_identity,0.043192658728854055,0.7391304347826086,0.5689761952333428,17,0.9469806033185681,16.76297208538588,2.920114942528741,ok,2973
25249,fineweb-edu-sample,1922,691,1922,691,1.0,0.0001,0.1406013178987443,0.1423379074828888,0.022962112514351322,0.13148469947876124,0.15827722254553966,0.006834827312953678,0.029361265424607347,0.16033603640621344,0.18757118723995658,1000,0.004279643113406145,token_identity,0.14488096101215045,0.2903225806451613,0.2833333333333333,9,0.7662993023259898,37.121727096262184,-2.434401875759555,ok,4121
25249,wikimedia-en,1550,979,1550,979,1.0,0.0001,0.1363872034411737,0.13864235090348592,0.03242388295769079,0.12876099051839787,0.15588631837593656,0.00691972649427007,0.019971369636762326,0.14940515951153155,0.17638678190200455,1000,0.0059364510059935205,token_identity,0.1423236544471672,0.14285714285714285,0.8999999999999998,5,0.7427376682643153,38.3553580019111,-2.572356255560315,ok,3479
34492,fineweb-edu-sample,1934,836,1934,836,1.0,0.1087,0.05058362556503867,0.05104791117664998,0.02454873646209386,0.045748787597697585,0.05611564060659684,0.002644605359413076,0.027013835770243272,0.07319442014408167,0.0834159016926059,1000,0.00034858853710854204,token_identity,0.05093221410214721,0.48148148148148145,0.8241758241758241,13,0.9284977424856229,19.956099117776578,5.002931673453631,ok,4058
34492,wikimedia-en,1940,780,1940,780,1.0,0.1398,0.04956368703761043,0.0504831657383632,0.034926470588235295,0.04439941177054808,0.05594480517928181,0.0029452534205953373,0.023895377884839725,0.06878845082412244,0.08067365511249068,1000,0.0006084214373045169,token_identity,0.05017210847491495,0.6,0.8007152437727272,15,0.9477944110866094,18.293840867036742,2.2593180015860455,ok,3271
