n_low,n_high,documents_low,documents_high,assignment_rate,document_p,document_null_mean,document_null_p95,document_movable_fraction,token_identity_p,token_identity_null_mean,token_identity_null_p95,token_identity_movable_fraction,js_ci_low,js_ci_high,js_bootstrap_se,js_bootstrap_bias,js_bootstrap_percentile_low,js_bootstrap_percentile_high,bootstrap_valid,null_excess,null_excess_kind,js_bits,neighbor_jaccard,shared_rank_spearman,shared_neighbors,cosine,conditional_l1,conditional_mass_change,status,partner_count,feature_id,candidate_id,role,discovery_delta_bic,document_q_bh,document_q_by,token_identity_q_bh,token_identity_q_by
1109,5688,534,5688,0.9975051365,0.0001,0.7886100541,0.8005984819,0.0083860527,0.0001,0.8053582331,0.8120574335,0.139473297,0.8122464119,0.8500087164,0.0096332409,0.0041889284,0.8158401639,0.8539725356,1000,0.04251751,document,0.8311275641,0.0,,0,0.0857864781,81.5346901201,1.623210524,ok,1835,1076,1076,candidate,42353.98814157999,0.0001,0.0003775958177753507,0.00010434782608695653,0.0003940130272438442
10893,75186,4208,5452,0.7852776967,0.0001,0.1036036956,0.1044736169,0.1047293765,0.0001,0.0507432559,0.0512605531,0.9645209633,0.1398556309,0.1451232697,0.0013437854,0.0048463754,0.14477123,0.1499390931,1000,0.0388857547,document,0.1424894503,0.4285714286,0.7202797203,12,0.7463806454,29.6642513915,-6.5006807976,ok,11085,1844,1844,candidate,33308.35636063067,0.0001,0.0003775958177753507,0.00010434782608695653,0.0003940130272438442
43973,24867,4823,3205,0.6542855513524816,0.0001,0.012744307830727847,0.01294617577165292,0.3997239976757699,0.0001,0.012814801247278651,0.013017546662147803,0.45569436374201044,0.020761204631908406,0.023301036459382397,0.0006479162825188748,0.003259940341315999,0.024077725561360716,0.026632974806642416,1000,0.009286812714917554,document,0.0220311205456454,0.7391304347826086,0.8995098039215688,17,0.9699138544200623,17.716617680204187,3.191619244275145,ok,14298,863,863,candidate,23332.043000713922,0.0001,0.0003775958177753507,0.00010434782608695653,0.0003940130272438442
21241,15478,3843,3079,0.8462353944366343,0.0001,0.047179371846532404,0.048267086706504106,0.5896130068901658,0.0001,0.03423991887442438,0.0349729976647595,0.9775593017239032,0.19555998524781773,0.19991729940546019,0.0011115597340924641,0.002512802870756725,0.19816167370183072,0.20244710852307654,1000,0.15055927048010656,document,0.19773864232663896,0.3333333333333333,0.33434804902403553,10,0.7478750878418365,28.011241981500895,-2.7255902531059277,ok,4844,1645,1645,candidate,21134.29147617644,0.0001,0.0003775958177753507,0.00010434782608695653,0.0003940130272438442
8818,15077,3455,3716,0.9235496463494763,0.0001,0.07590400343920545,0.0771670428965641,0.24214270767943083,0.0001,0.12105586163051213,0.12161705989835166,0.6941201088093744,0.12652498354769684,0.13160371670485346,0.001295595193152198,0.00438703026138107,0.13097540465817262,0.1360807522456698,1000,0.053160346687069704,document,0.12906435012627515,0.3793103448275862,0.5,11,0.7793526215936104,32.32587992058849,-3.5395543445513766,ok,7592,296,296,candidate,21112.525325924886,0.0001,0.0003775958177753507,0.00010434782608695653,0.0003940130272438442
29294,12024,5639,4132,0.7020304137286552,0.0001,0.05946513721982299,0.060281831950680854,0.14303693305581103,0.0001,0.0694594721570643,0.0698804950508192,0.0897913742194685,0.07283818819076918,0.07960488222708015,0.0017261974582425976,0.0049219090272938915,0.07780424072303249,0.0849085956179109,1000,0.016756397989101675,document,0.07622153520892466,0.3333333333333333,-0.4424242424242424,10,0.8426468361266807,36.9599937150346,1.3652358581351223,ok,13174,12335,12335,candidate,19114.254802660653,0.0001,0.0003775958177753507,0.00010434782608695653,0.0003940130272438442
14865,2445,4647,1974,0.9806809812475213,0.0001,0.45445870059177146,0.45943555272502895,0.045060658578856154,0.0001,0.48907022548782597,0.48999758456138987,0.030444829578278453,0.47999759621083765,0.5143244492085874,0.008756850254528017,0.015770608481845805,0.4965447349151151,0.5302917519957182,1000,0.042702322117941116,document,0.4971610227097126,0.02564102564102564,,1,0.21295480246980006,86.63354567384579,-18.07095928798862,ok,10849,10392,10392,candidate,18914.357756453166,0.0001,0.0003775958177753507,0.00010434782608695653,0.0003940130272438442
28833,17160,2855,1545,0.6559090714621868,0.0001,0.01227453912260342,0.012511665731013198,0.5277107385906551,0.0001,0.011508529432922915,0.011745667338520855,0.5300806644489379,0.017514515903495932,0.021148245200462233,0.0009269717594301796,0.005417851768517036,0.023062614240655744,0.026627281666038508,1000,0.007056841429375663,document,0.019331380551979083,0.6,0.7642857142857141,15,0.9740949642332795,14.592618488576244,1.2618796838024764,ok,13010,802,802,candidate,17648.312890149755,0.0001,0.0003775958177753507,0.00010434782608695653,0.0003940130272438442
56382,49431,5840,5479,0.6398870357155816,0.0001,0.01578336339400714,0.01599663744976706,0.37230775046544373,0.0001,0.0245484849476488,0.02471568171774781,0.3022785480044985,0.03348502844434062,0.03491582914364813,0.00036500017839477403,0.0014895890687626964,0.0349817528802453,0.036422743965958126,1000,0.018417065399987234,document,0.034200428793994375,0.7391304347826086,0.8137254901960784,17,0.9628581124484052,23.74716209809981,3.66650071729228,ok,13694,575,575,candidate,17069.578178070893,0.0001,0.0003775958177753507,0.00010434782608695653,0.0003940130272438442
25264,15252,4183,2559,0.6539690738289698,0.0001,0.02266852046346518,0.02300401668098127,0.34615954190936915,0.0001,0.021706475797093495,0.022006500654334214,0.3494175140685161,0.028658677638544034,0.03241852770339208,0.0009591454247061358,0.005123125946200593,0.03380796560515187,0.03754811211836855,1000,0.00787008220750288,document,0.03053860267096806,0.6,0.8892857142857141,15,0.9583891605376351,22.424887818780025,5.695337965415149,ok,12924,1635,1635,candidate,16781.051184699427,0.0001,0.0003775958177753507,0.00010434782608695653,0.0003940130272438442
19314,11602,4941,3553,0.6940085752126967,0.0001,0.020243969059967178,0.020532959027987317,0.1746668391771251,0.0001,0.02125538354783565,0.02149520639093985,0.1495018760512356,0.024345651681570355,0.026898848056998163,0.0006513256059764818,0.005134006792784765,0.02947237657200758,0.03205077293453069,1000,0.005378280809317081,document,0.02562224986928426,0.6,0.7,15,0.9618175384644916,19.67554562450508,2.9917463695319952,ok,12435,3136,3136,candidate,15015.111786666945,0.0001,0.0003775958177753507,0.00010434782608695653,0.0003940130272438442
29680,18310,2358,1143,0.6507206877381388,0.0001,0.015706323259203934,0.01595575746417287,0.49581162742237966,0.0001,0.01454570871582532,0.014793415906824543,0.49283183996665975,0.028053586227445852,0.031342805679653946,0.0008390865949510451,0.005123341995084001,0.03330519641794413,0.036511835073855047,1000,0.013991872694345965,document,0.0296981959535499,0.5384615384615384,0.8272832288794485,14,0.9659008013412238,19.109238964023312,1.8742851291253828,ok,11583,710,710,candidate,14180.441251300064,0.0001,0.0003775958177753507,0.00010434782608695653,0.0003940130272438442
21077,12393,3357,1774,0.6773795308736921,0.0001,0.025829005462888553,0.026272069564146874,0.3841948013146101,0.0001,0.02995325185732838,0.030350098132001645,0.43447863758589783,0.04148881758351177,0.04617372550743804,0.0011951295724301723,0.005597849616534346,0.04722546225814612,0.05198206148736093,1000,0.018002266082586354,document,0.043831271545474906,0.3793103448275862,0.9181818181818183,11,0.9371151755218279,22.847138763114245,0.8230982139505016,ok,11069,8532,8532,candidate,13942.849044190883,0.0001,0.0003775958177753507,0.00010434782608695653,0.0003940130272438442
23192,12596,5435,4092,0.7683125805066552,0.0001,0.08502975515701863,0.08601573003526546,0.13881748071979436,0.0001,0.09096927461980245,0.09162643672040419,0.1787750083826981,0.10253968796188499,0.11085607391569734,0.0021215270290337635,0.005256388081159885,0.1078697335384792,0.11645070801767146,1000,0.021668125781772532,document,0.10669788093879116,0.17647058823529413,0.5428571428571429,6,0.7642740794011232,41.42033141321495,-5.060246393588926,ok,12836,28027,28027,candidate,13722.33120178969,0.0001,0.0003775958177753507,0.00010434782608695653,0.0003940130272438442
30866,18631,4530,2878,0.6593182635568047,0.0001,0.02364875215706661,0.023967516853552376,0.3478392629856355,0.0001,0.026268608986671566,0.026563609301582837,0.3160999656544841,0.03775335480981329,0.04151469901555599,0.0009595265830976268,0.0038828361952542093,0.04173724875109944,0.04548258609519478,1000,0.01598527475561803,document,0.03963402691268464,0.42857142857142855,0.4755244755244756,12,0.9261658489320116,22.031366757457302,1.974670385030187,ok,11477,1892,1892,candidate,13157.995928488046,0.0001,0.0003775958177753507,0.00010434782608695653,0.0003940130272438442
55232,52126,2999,1874,0.6567443567627087,0.0001,0.01592310127733411,0.016075950336865093,0.5374913839676596,0.0001,0.015226223649799472,0.015394251735309662,0.5336164980718717,0.031794864507542014,0.03464259089017603,0.0007264608118964318,0.0025804016640974675,0.0344128144074366,0.037264226049483824,1000,0.017295626421524914,document,0.03321872769885902,0.7391304347826086,0.625,17,0.9545327431516496,20.170004477407424,1.7204988083958526,ok,13065,72,72,candidate,12996.407781377173,0.0001,0.0003775958177753507,0.00010434782608695653,0.0003940130272438442
9527,3240,4157,1931,0.8652073732718893,0.0001,0.203785520613861,0.20621613545484516,0.05138247043158142,0.001,0.22330411300092562,0.22401157209891612,0.06532466515234589,0.21474324880570028,0.23466329770334537,0.005081645126950278,0.013018154857435793,0.22745745248079227,0.24764218110960878,1000,0.02091775264066184,document,0.22470327325452283,0.08108108108108109,-0.5,3,0.4788810161946781,57.744396691923015,-11.481152526866467,ok,9452,35053,35053,candidate,12849.872935649382,0.0001,0.0003775958177753507,0.001,0.0037759581777535066
55899,53805,5614,5177,0.6602469967981897,0.0001,0.019605163641109893,0.019828355586612546,0.4354353533143732,0.0001,0.029864780737394188,0.030038834526079892,0.3431871217093269,0.04067102083524484,0.04216640106789072,0.00038147454914435626,0.0013777267876857804,0.0419975683067551,0.043527556507183617,1000,0.021813547310457888,document,0.04141871095156778,0.6,0.7749999999999999,15,0.9483323566570837,24.327178711786395,-1.8318959959810002,ok,13458,665,665,candidate,12764.959833441477,0.0001,0.0003775958177753507,0.00010434782608695653,0.0003940130272438442
25587,14400,2425,1083,0.6478565179352581,0.0001,0.016677338162640092,0.01694466779270079,0.47685497786780706,0.0001,0.015028467799994082,0.015390401785821193,0.6041713556905994,0.032782476248201714,0.03784368538784649,0.001291124780521627,0.006000854245915108,0.03889399191382623,0.044020479134971174,1000,0.01863574265538401,document,0.035313080818024103,0.6,0.37499999999999994,15,0.9407548632177227,19.271427897955995,0.2793940526439229,ok,10988,1903,1903,candidate,12708.000957451115,0.0001,0.0003775958177753507,0.00010434782608695653,0.0003940130272438442
32684,25130,3416,1422,0.6696705740629199,0.0001,0.05056390196472227,0.051171648967442245,0.5306500155671636,0.0001,0.058894912161963915,0.059373752858990866,0.6445324661846612,0.10662207037921437,0.11292232467037544,0.0016072077273370097,0.0037081117981484224,0.11038225845298535,0.11675354920253195,1000,0.059208295560072635,document,0.1097721975247949,0.42857142857142855,0.5874125874125874,12,0.871974513986188,32.638208039526006,-1.6796263444286197,ok,10729,2377,2377,candidate,12572.837012194737,0.0001,0.0003775958177753507,0.00010434782608695653,0.0003940130272438442
12317,8596,1561,443,0.739367155736256,0.0001,0.02795165492455957,0.02844801907610688,0.4260029646631282,0.0001,0.025524211041234722,0.025954944412278313,0.3902357385358389,0.03422876582696812,0.04718621491672218,0.003305471706569913,0.012790367408762493,0.048402971206143425,0.060984424016769595,1000,0.01275583544728558,document,0.04070749037184515,0.5384615384615384,0.5164835164835165,14,0.9355765035522363,21.300110122193566,1.3310562776790675,ok,10250,7511,7511,candidate,12201.27434357975,0.0001,0.0003775958177753507,0.00010434782608695653,0.0003940130272438442
32389,21915,1907,994,0.658230303030303,0.0001,0.023835970855009048,0.024075712968525217,0.5113803771361226,0.0001,0.015547045902467842,0.015843142153944775,0.5489282557454331,0.03404598167799218,0.04015090136405122,0.0015573774709334285,0.004516906841782936,0.038691088369569214,0.04487022692483292,1000,0.013262470666012653,document,0.0370984415210217,0.5384615384615384,0.7802197802197802,14,0.9496439930417198,20.558523675240437,2.2692337564545113,ok,11409,17857,17857,candidate,12041.208714925178,0.0001,0.0003775958177753507,0.00010434782608695653,0.0003940130272438442
13940,7446,2702,981,0.7218659285762505,0.0001,0.04541100455132577,0.04601329369635942,0.37459085382960816,0.0001,0.03391556232596831,0.03461158595021958,0.4535677546058169,0.05181113511558285,0.0649870619693651,0.0033612058300464946,0.011344174374934013,0.06388189323112652,0.07695197840366255,1000,0.012988093991148211,document,0.05839909854247398,0.25,0.9285714285714287,8,0.8914231490408621,25.463770366148463,0.6166119638633916,ok,10861,6756,6756,candidate,11981.186925927768,0.0001,0.0003775958177753507,0.00010434782608695653,0.0003940130272438442
23436,14886,3191,1276,0.669965034965035,0.0001,0.018439203008982916,0.018721962761399053,0.35086895255988726,0.0001,0.02098723377776798,0.021233917279016447,0.2069046500704556,0.024033948714033346,0.028507414148193515,0.001141190161775553,0.005338718181182953,0.02951689807242756,0.03390174517927201,1000,0.007831478422130514,document,0.02627068143111343,0.6666666666666666,0.7911764705882354,16,0.9615980265277342,20.029646460049783,2.7140072539007605,ok,11489,2286,2286,candidate,11979.769756998294,0.0001,0.0003775958177753507,0.00010434782608695653,0.0003940130272438442
