feature_id,train_source,endpoint,mean,low,high,documents
1645,fineweb-edu-sample,nuisance_mse_minus_context_mse,-2.4948389854659713e-05,-8.383500430362304e-05,1.8826629474066024e-05,8
1645,pooled,nuisance_mse_minus_context_mse,-4.826114218798956e-06,-2.338525378624533e-05,1.7458907397493113e-05,16
1645,wikimedia-en,nuisance_mse_minus_context_mse,-2.4664213734052354e-05,-5.416219754892293e-05,3.130630796382998e-06,8
2966,fineweb-edu-sample,nuisance_mse_minus_context_mse,-1.2295056649879146e-07,-4.452934812652313e-07,1.0558150060753331e-07,8
2966,pooled,nuisance_mse_minus_context_mse,-6.223437725415602e-09,-2.8201239258961344e-08,1.4739363732671294e-08,16
2966,wikimedia-en,nuisance_mse_minus_context_mse,-1.6062279612091116e-09,-1.0625377437406512e-08,8.91781270103864e-09,8
28027,fineweb-edu-sample,nuisance_mse_minus_context_mse,-2.929253965338309e-06,-1.2435770826739695e-05,7.871891752269295e-06,8
28027,pooled,nuisance_mse_minus_context_mse,2.5878039981063076e-07,-4.0963397027842774e-06,4.910409842843094e-06,16
28027,wikimedia-en,nuisance_mse_minus_context_mse,7.248593231842176e-06,-1.6387898932791043e-07,1.4995975089905058e-05,8
