feature_id,source,split,dose,fraction,endpoint,mean,low,high,documents
1645,fineweb-edu-sample,check,-0.1,0.005,interaction_norm,0.0028593947053537332,0.0008464448714166951,0.005823427934410151,8
1645,fineweb-edu-sample,check,-0.1,0.005,beyond_gain_norm,0.0012615890686247088,-7.025319655313044e-05,0.0031321538739802765,8
1645,fineweb-edu-sample,check,-0.1,0.01,interaction_norm,0.005197720775364019,0.0012642252358664775,0.010787409945224606,8
1645,fineweb-edu-sample,check,-0.1,0.01,beyond_gain_norm,0.0024588140143865784,-0.0005174270313359741,0.0066387432822285165,8
1645,fineweb-edu-sample,check,0.1,0.005,interaction_norm,0.002969867029672844,0.0009340002251811444,0.0057827866931480995,8
1645,fineweb-edu-sample,check,0.1,0.005,beyond_gain_norm,0.0010924881734067009,-0.00037141440373200034,0.003047155787797347,8
1645,fineweb-edu-sample,check,0.1,0.01,interaction_norm,0.005404800462705566,0.0017048395606037456,0.010646330235615915,8
1645,fineweb-edu-sample,check,0.1,0.01,beyond_gain_norm,0.002142346757648089,-0.0009218858936344208,0.006294287424475248,8
1645,fineweb-edu-sample,fit,-0.1,0.005,interaction_norm,0.0006959190421709021,-0.00010921666607949101,0.0018380276777770815,8
1645,fineweb-edu-sample,fit,-0.1,0.005,beyond_gain_norm,0.0003491284512048583,-0.0005401646762045043,0.0015863009019547697,8
1645,fineweb-edu-sample,fit,-0.1,0.01,interaction_norm,0.002012219911159169,0.000314938768004995,0.004116817747353463,8
1645,fineweb-edu-sample,fit,-0.1,0.01,beyond_gain_norm,0.0003671261765976888,-0.0007938406791519975,0.001534052519780048,8
1645,fineweb-edu-sample,fit,0.1,0.005,interaction_norm,0.0008597886334910525,-0.0001375369897262106,0.0023195514446842868,8
1645,fineweb-edu-sample,fit,0.1,0.005,beyond_gain_norm,0.0005605432962387341,-0.0004991909291369696,0.0019460616820099615,8
1645,fineweb-edu-sample,fit,0.1,0.01,interaction_norm,0.0020593300536298695,0.00012542525456248,0.004461639841178483,8
1645,fineweb-edu-sample,fit,0.1,0.01,beyond_gain_norm,0.0003646742443344767,-0.0009550383988266195,0.0017357825121029505,8
1645,wikimedia-en,check,-0.1,0.005,interaction_norm,0.0008685215022904728,6.320262463025675e-05,0.0018543241038788316,8
1645,wikimedia-en,check,-0.1,0.005,beyond_gain_norm,0.000541472154928296,-0.0004823526598226682,0.0016953294716996834,8
1645,wikimedia-en,check,-0.1,0.01,interaction_norm,0.0019598481354792785,0.00030542955390856866,0.003996347558756653,8
1645,wikimedia-en,check,-0.1,0.01,beyond_gain_norm,0.001413194552208371,-0.00032650607353921124,0.0036882628512986994,8
1645,wikimedia-en,check,0.1,0.005,interaction_norm,0.0007807152983989787,-0.00012713118282348075,0.0018535908808643834,8
1645,wikimedia-en,check,0.1,0.005,beyond_gain_norm,0.0004965731939221495,-0.00044300349714424615,0.001620306018835855,8
1645,wikimedia-en,check,0.1,0.01,interaction_norm,0.001897902431571102,5.1950477613169516e-05,0.004144632243388053,8
1645,wikimedia-en,check,0.1,0.01,beyond_gain_norm,0.0014291588653713224,-0.00021807903685348889,0.0036776932524596228,8
1645,wikimedia-en,fit,-0.1,0.005,interaction_norm,0.0010348749955297531,-0.0007682456180149193,0.0031113239767285505,8
1645,wikimedia-en,fit,-0.1,0.005,beyond_gain_norm,0.0007928709779008096,-0.0003767807552039496,0.0020017008761905202,8
1645,wikimedia-en,fit,-0.1,0.01,interaction_norm,0.0023895318325648025,-0.001478749031342284,0.006913237321921559,8
1645,wikimedia-en,fit,-0.1,0.01,beyond_gain_norm,0.0015686239621133986,-0.0006087839432451997,0.0038443240579961084,8
1645,wikimedia-en,fit,0.1,0.005,interaction_norm,0.0011290291498120785,-0.0006253220445980446,0.0032073481797823783,8
1645,wikimedia-en,fit,0.1,0.005,beyond_gain_norm,0.0008473565812743362,-0.0002900488022863292,0.0020485328010460694,8
1645,wikimedia-en,fit,0.1,0.01,interaction_norm,0.002593984000083996,-0.001236661665268107,0.0070882904225108385,8
1645,wikimedia-en,fit,0.1,0.01,beyond_gain_norm,0.0016389839253763212,-0.0005518830629288343,0.003943949675299798,8
2966,fineweb-edu-sample,check,-0.1,0.005,interaction_norm,-3.546890503412362e-05,-0.00010799101787691131,4.082533947021717e-05,8
2966,fineweb-edu-sample,check,-0.1,0.005,beyond_gain_norm,1.1951088413572085e-05,-6.0460204970593376e-05,0.00010061467214665097,8
2966,fineweb-edu-sample,check,-0.1,0.01,interaction_norm,-7.541308077606595e-05,-0.00022153333162566442,7.966913663505281e-05,8
2966,fineweb-edu-sample,check,-0.1,0.01,beyond_gain_norm,1.8515740707270382e-05,-0.00012644613506628647,0.00019389390110058022,8
2966,fineweb-edu-sample,check,0.1,0.005,interaction_norm,-3.539700088971014e-05,-0.00010811435187350794,4.1708908946414244e-05,8
2966,fineweb-edu-sample,check,0.1,0.005,beyond_gain_norm,9.027077703409178e-06,-6.369329845339317e-05,9.755435166062459e-05,8
2966,fineweb-edu-sample,check,0.1,0.01,interaction_norm,-7.816030987571336e-05,-0.0002242186918893558,7.477862712662694e-05,8
2966,fineweb-edu-sample,check,0.1,0.01,beyond_gain_norm,1.419880569395695e-05,-0.00012948830426478704,0.00018919641188935548,8
2966,fineweb-edu-sample,fit,-0.1,0.005,interaction_norm,-4.762197726179411e-05,-0.000122202127536759,5.21806535645097e-05,8
2966,fineweb-edu-sample,fit,-0.1,0.005,beyond_gain_norm,-3.0461034739098444e-07,-9.982247110328019e-05,0.00011992824010440814,8
2966,fineweb-edu-sample,fit,-0.1,0.01,interaction_norm,-0.00010615469182544219,-0.00023891143194890627,5.608154101742549e-05,8
2966,fineweb-edu-sample,fit,-0.1,0.01,beyond_gain_norm,-1.8127262706501353e-05,-0.00019260299480614067,0.0001826458280030234,8
2966,fineweb-edu-sample,fit,0.1,0.005,interaction_norm,-4.994025329891046e-05,-0.00012345024959839124,4.961349946108072e-05,8
2966,fineweb-edu-sample,fit,0.1,0.005,beyond_gain_norm,8.177952973336948e-07,-0.0001001299283604037,0.00012222184530872603,8
2966,fineweb-edu-sample,fit,0.1,0.01,interaction_norm,-0.00010693080175928283,-0.00023626267781841833,5.493253821419471e-05,8
2966,fineweb-edu-sample,fit,0.1,0.01,beyond_gain_norm,-1.8511366535782357e-05,-0.0001919964213658942,0.00018289557948115786,8
2966,wikimedia-en,check,-0.1,0.005,interaction_norm,-2.480007911141845e-05,-8.070152935225176e-05,2.8196212176852516e-05,8
2966,wikimedia-en,check,-0.1,0.005,beyond_gain_norm,-8.952415563091769e-06,-7.292904348758003e-05,5.587526888790289e-05,8
2966,wikimedia-en,check,-0.1,0.01,interaction_norm,-5.0372717417565606e-05,-0.00015457201957006116,5.114079227223185e-05,8
2966,wikimedia-en,check,-0.1,0.01,beyond_gain_norm,-2.2794224870758792e-05,-0.00014721090486291858,0.00010205565433920929,8
2966,wikimedia-en,check,0.1,0.005,interaction_norm,-2.167059795477582e-05,-7.746780164614696e-05,3.1606713685684154e-05,8
2966,wikimedia-en,check,0.1,0.005,beyond_gain_norm,-7.570284724796702e-06,-7.029596058873574e-05,5.6012935435890205e-05,8
2966,wikimedia-en,check,0.1,0.01,interaction_norm,-5.1351597343686474e-05,-0.00016037507075418843,5.287263352091139e-05,8
2966,wikimedia-en,check,0.1,0.01,beyond_gain_norm,-2.504540916999248e-05,-0.0001524215218026115,0.00010232250313248428,8
2966,wikimedia-en,fit,-0.1,0.005,interaction_norm,1.0814439778750507e-05,-0.00010679573874345551,0.00011647624619368516,8
2966,wikimedia-en,fit,-0.1,0.005,beyond_gain_norm,-2.24581544513646e-06,-0.00011055931520294218,0.00010790385228132624,8
2966,wikimedia-en,fit,-0.1,0.01,interaction_norm,2.4189823431071424e-05,-0.00021056607254866478,0.0002325671460186527,8
2966,wikimedia-en,fit,-0.1,0.01,beyond_gain_norm,-4.656919374361449e-06,-0.00021600256869388248,0.000210653570737277,8
2966,wikimedia-en,fit,0.1,0.005,interaction_norm,1.0355452450490971e-05,-0.00010666618831896329,0.00011452738635332461,8
2966,wikimedia-en,fit,0.1,0.005,beyond_gain_norm,-2.216492965309287e-06,-0.00010850909657501395,0.00010595652984648952,8
2966,wikimedia-en,fit,0.1,0.01,interaction_norm,2.273471037009771e-05,-0.0002058818683413665,0.00022839317883295563,8
2966,wikimedia-en,fit,0.1,0.01,beyond_gain_norm,-4.987560506412983e-06,-0.00021506016444541482,0.00020920023959927514,8
28027,fineweb-edu-sample,check,-0.1,0.005,interaction_norm,0.0004387399036422373,9.218798701263581e-05,0.0008600322987945845,8
28027,fineweb-edu-sample,check,-0.1,0.005,beyond_gain_norm,0.0003623800088066224,1.2787890782635544e-05,0.0007832510304390775,8
28027,fineweb-edu-sample,check,-0.1,0.01,interaction_norm,0.0008700406072281025,0.00019416333842503126,0.0016744693274776525,8
28027,fineweb-edu-sample,check,-0.1,0.01,beyond_gain_norm,0.0007111746632344569,3.121878448872571e-05,0.0015340045973063715,8
28027,fineweb-edu-sample,check,0.1,0.005,interaction_norm,0.0004311324728509078,8.913953966520196e-05,0.0008457193519087514,8
28027,fineweb-edu-sample,check,0.1,0.005,beyond_gain_norm,0.0003349241538955226,-6.8563580067864655e-06,0.0007444605247493514,8
28027,fineweb-edu-sample,check,0.1,0.01,interaction_norm,0.0008567774247295911,0.00018828898449930114,0.0016680464668404693,8
28027,fineweb-edu-sample,check,0.1,0.01,beyond_gain_norm,0.0006642424572590921,-8.358047640238832e-06,0.001477600269984771,8
28027,fineweb-edu-sample,fit,-0.1,0.005,interaction_norm,0.00020162035678935559,-2.3449326850300306e-05,0.0005154909224288495,8
28027,fineweb-edu-sample,fit,-0.1,0.005,beyond_gain_norm,0.00023901933313906138,-0.0001095662212967266,0.0006873714495465335,8
28027,fineweb-edu-sample,fit,-0.1,0.01,interaction_norm,0.00040349955014655595,-4.586304271362683e-05,0.0010267816947767932,8
28027,fineweb-edu-sample,fit,-0.1,0.01,beyond_gain_norm,0.00047047878796725154,-0.00024024412793406257,0.0013683213980763018,8
28027,fineweb-edu-sample,fit,0.1,0.005,interaction_norm,0.0001916707347853182,-1.9708056223553928e-05,0.00048198103320795833,8
28027,fineweb-edu-sample,fit,0.1,0.005,beyond_gain_norm,0.00023061964507630346,-0.00010005419226858285,0.0006475915071330797,8
28027,fineweb-edu-sample,fit,0.1,0.01,interaction_norm,0.0003873244348152556,-3.3728244272521155e-05,0.0009649794161621922,8
28027,fineweb-edu-sample,fit,0.1,0.01,beyond_gain_norm,0.0004604792206031216,-0.0002016289006818341,0.00129117030629956,8
28027,wikimedia-en,check,-0.1,0.005,interaction_norm,0.00030274001545051345,-0.0002825338176152692,0.0009121559034527045,8
28027,wikimedia-en,check,-0.1,0.005,beyond_gain_norm,0.0003400610791072094,-0.00030798878526689495,0.001044749272077162,8
28027,wikimedia-en,check,-0.1,0.01,interaction_norm,0.0005806325602893958,-0.0005532086438375794,0.0017566534154431256,8
28027,wikimedia-en,check,-0.1,0.01,beyond_gain_norm,0.0006462718226769258,-0.0006278746476695629,0.0020254553548234937,8
28027,wikimedia-en,check,0.1,0.005,interaction_norm,0.0002811503684528586,-0.0003175305916022041,0.0008740388603619329,8
28027,wikimedia-en,check,0.1,0.005,beyond_gain_norm,0.00029439215505828293,-0.00036120086451861647,0.0010061159184716897,8
28027,wikimedia-en,check,0.1,0.01,interaction_norm,0.0005277263747269909,-0.0006345930547717182,0.0016789743526002781,8
28027,wikimedia-en,check,0.1,0.01,beyond_gain_norm,0.0005655128946652904,-0.0007257376892533268,0.0019590670950726027,8
28027,wikimedia-en,fit,-0.1,0.005,interaction_norm,0.00045198176318001816,0.00012204268677901869,0.0008330204349360131,8
28027,wikimedia-en,fit,-0.1,0.005,beyond_gain_norm,0.00035225293961660994,-3.532765561400415e-05,0.0007899254691290787,8
28027,wikimedia-en,fit,-0.1,0.01,interaction_norm,0.0008746542453175555,0.00022014723096061214,0.0016381783633590578,8
28027,wikimedia-en,fit,-0.1,0.01,beyond_gain_norm,0.0006829000292023289,-5.8848552328549626e-05,0.0015327602776673813,8
28027,wikimedia-en,fit,0.1,0.005,interaction_norm,0.00043589113619177687,0.0001090001744742903,0.0008193769439123202,8
28027,wikimedia-en,fit,0.1,0.005,beyond_gain_norm,0.00035420978908633037,-2.2661968502588873e-05,0.0007768865337191303,8
28027,wikimedia-en,fit,0.1,0.01,interaction_norm,0.0008527787926078575,0.00020027025472950851,0.0016178044287506385,8
28027,wikimedia-en,fit,0.1,0.01,beyond_gain_norm,0.0006908426504380768,-3.447264300915065e-05,0.0015042376632612377,8
