feature_id,direction,split,endpoint,mean,low,high,documents,leave_one_out_min,leave_one_out_max
1645,approx_spectrum_matched,check,odd_fraction,0.9742447920496807,0.9642444319660849,0.9840280835046504,16,0.9729022132326295,0.9764395755562147
1645,approx_spectrum_matched,check,k_digit,-0.5996245890855789,-4.66679222881794,2.3098119534552066,16,-1.2237091859181721,1.1056403319040935
1645,approx_spectrum_matched,check,k_word,-1.6908403486013412,-4.323412897065282,0.4411577712744472,16,-2.0983994007110596,-0.9184499581654867
1645,approx_spectrum_matched,fit,odd_fraction,0.9692961768552568,0.9452702246190274,0.9874468309469401,16,0.9674610929382969,0.9790819387615118
1645,approx_spectrum_matched,fit,k_digit,-0.395946204662323,-1.6477810218930244,0.6555452942848206,16,-0.6531755129496256,0.07274945576985677
1645,approx_spectrum_matched,fit,k_word,1.956753432750702,0.653214706107974,3.3508818596601486,16,1.5994707743326824,2.259039878845215
1645,leading_pc,check,odd_fraction,0.9534171236276325,0.9283333986003508,0.9746316876144243,16,0.9504391068142239,0.962059386380378
1645,leading_pc,check,k_digit,-0.1992732286453247,-3.8340913131833076,4.504721052944657,16,-1.9209702809651692,0.5031426747639974
1645,leading_pc,check,k_word,6.530942395329475,0.8523898664861917,15.503592649474733,16,2.645629644393921,7.448401053746541
1645,leading_pc,fit,odd_fraction,0.9565247135331398,0.9300689330640676,0.9783878037307627,16,0.9539337126949661,0.9645387573204278
1645,leading_pc,fit,k_digit,0.16020983457565308,-2.310529351234436,2.5428669527173033,16,-0.4414677619934082,0.8591691652933756
1645,leading_pc,fit,k_word,1.8283035606145859,-0.2533918246626854,3.6492785904556504,16,1.5131851037343342,2.3579180240631104
1645,learned,check,odd_fraction,0.9000776322448373,0.8561176902453742,0.9434065590825274,16,0.893814586376718,0.9125168783745506
1645,learned,check,k_digit,1.6143806278705597,-2.5717989541590214,5.890139285475013,16,0.3984967867533366,2.914067109425863
1645,learned,check,k_word,1.6341395676136017,-4.132826626300812,9.659118345007297,16,-1.6750057538350422,2.5682568550109863
1645,learned,fit,odd_fraction,0.8177530358393104,0.7053886620819977,0.9184082721870075,16,0.8057104725238717,0.857871146927664
1645,learned,fit,k_digit,2.284720540046692,-0.20758099853992462,4.308362398296594,16,1.8495241800944011,3.285376230875651
1645,learned,fit,k_word,-1.5219282358884811,-3.9672428742051125,0.7690014783293004,16,-2.036207914352417,-0.7407724857330322
1645,random_0,check,odd_fraction,0.9676681455818694,0.9499887049456827,0.9817880874890209,16,0.9656129844268847,0.9731496364586317
1645,random_0,check,k_digit,-2.368571236729622,-4.8466607462614775,0.10412856936454541,16,-3.111181656519572,-1.7279009024302165
1645,random_0,check,k_word,0.9022615849971771,-3.534018062055111,4.718612506985664,16,-0.10873079299926758,2.546513080596924
1645,random_0,fit,odd_fraction,0.9283144284380245,0.8545371640221734,0.9799213219486824,16,0.9236372594816594,0.9600985976465888
1645,random_0,fit,k_digit,-1.1612772941589355,-1.813411619514227,-0.49979202449321747,16,-1.329803466796875,-0.993502140045166
1645,random_0,fit,k_word,0.9712334722280502,-0.6677147932350636,2.5527353398501864,16,0.5763550599416097,1.382968823115031
1645,random_1,check,odd_fraction,0.8882551109047461,0.759749511964717,0.9859906293801826,16,0.8809115029666309,0.9356400340377439
1645,random_1,check,k_digit,2.665439620614052,-0.7419315166771412,5.726133240386843,16,1.721415917078654,3.895618518193563
1645,random_1,check,k_word,-3.4759510308504105,-7.214224152266979,-0.7657469715923082,16,-3.908457358678182,-1.8728276093800862
1645,random_1,fit,odd_fraction,0.94491783667858,0.8749880249883895,0.9862823010823983,16,0.9413526853695715,0.9758266705553531
1645,random_1,fit,k_digit,0.9969137609004974,-1.0470925830304623,3.0207529664039603,16,0.3318905830383301,1.7056743303934734
1645,random_1,fit,k_word,-0.21179579198360443,-1.8112827558070421,1.4103670138865705,16,-0.665732224782308,0.30459364255269367
1645,random_2,check,odd_fraction,0.913220624512245,0.8593053527836221,0.9587809540622628,16,0.907632145159889,0.9325205313582176
1645,random_2,check,k_digit,-1.4192834496498108,-3.828053828328848,0.6245901808142658,16,-1.9251187642415364,-0.5904436111450195
1645,random_2,check,k_word,3.5557709634304047,-2.269842429086566,11.947711743414395,16,0.2939184506734212,4.925898710886638
1645,random_2,fit,odd_fraction,0.9474742576718204,0.9041816065848959,0.9812120340454265,16,0.9439947368217159,0.9656593784239552
1645,random_2,fit,k_digit,0.685863196849823,-1.1234165169298649,2.7764058671891645,16,-0.0033895174662272134,1.015162467956543
1645,random_2,fit,k_word,-0.6583612412214279,-1.9798572640866041,0.6494863424450151,16,-0.9864151477813721,-0.34464796384175617
1645,shuffled_labels,check,odd_fraction,0.947944944837511,0.907684245304718,0.9781264487198705,16,0.9445825298922326,0.9654930181978831
1645,shuffled_labels,check,k_digit,-1.6673989593982697,-3.822366613894701,0.5968098528683133,16,-2.462883790334066,-1.1420090993245442
1645,shuffled_labels,check,k_word,2.629578113555908,-0.10439781472086905,5.7690665125846845,16,1.5110492706298828,3.3048351605733237
1645,shuffled_labels,fit,odd_fraction,0.967480888898196,0.9339019272023452,0.9905010990386317,16,0.9653478225223217,0.981745922675115
1645,shuffled_labels,fit,k_digit,-2.2892840206623077,-3.8421664386987686,-0.7085327059030547,16,-2.7723471323649087,-1.9556085268656414
1645,shuffled_labels,fit,k_word,2.2893883287906647,0.5823999643325806,3.7928661331534386,16,1.9894103209177654,2.840721607208252
2966,approx_spectrum_matched,check,odd_fraction,0.9764668037570784,0.9636197835135609,0.9866360596808539,16,0.9751566727687611,0.9811234722537825
2966,approx_spectrum_matched,check,k_digit,0.05908869206905365,-0.11321823112666607,0.23931711912155149,16,-0.002199411392211914,0.10578433672587077
2966,approx_spectrum_matched,check,k_word,-0.29985979199409485,-0.5105702206492424,-0.0809011980891228,16,-0.36121606826782227,-0.25198062260945636
2966,approx_spectrum_matched,fit,odd_fraction,0.9567879668825119,0.9320153176480704,0.9764783872447368,16,0.9539431253335579,0.9652893696197306
2966,approx_spectrum_matched,fit,k_digit,-0.06210245192050934,-0.23261122405529022,0.12971484102308736,16,-0.1296381155649821,-0.02067287762959798
2966,approx_spectrum_matched,fit,k_word,-0.05782395601272583,-0.3374481573700905,0.31258687376975974,16,-0.2016743024190267,0.0034133593241373696
2966,leading_pc,check,odd_fraction,0.9084169797238137,0.8554845719401181,0.9550986147342686,16,0.9023280041195494,0.9251561027358035
2966,leading_pc,check,k_digit,0.021828338503837585,-0.15846099704504013,0.19049849361181256,16,-0.012069940567016602,0.08141795794169109
2966,leading_pc,check,k_word,-0.15641748905181885,-0.406537763774395,0.061615742743015255,16,-0.19451777140299478,-0.058929125467936196
2966,leading_pc,fit,odd_fraction,0.9604275231199186,0.9390709487917491,0.9788977559528432,16,0.9578867908239488,0.9676129548993462
2966,leading_pc,fit,k_digit,0.26356615126132965,-0.019824225455522534,0.5597097799181937,16,0.18382668495178223,0.3276209036509196
2966,leading_pc,fit,k_word,-0.48888474702835083,-0.7555336691439152,-0.19370550289750127,16,-0.5741198857625326,-0.43487946192423504
2966,learned,check,odd_fraction,0.9670260990419133,0.9366161325661806,0.9872634910045809,16,0.9649493540766034,0.9800500547016499
2966,learned,check,k_digit,0.01208670437335968,-0.15706284902989864,0.17153713852167105,16,-0.024253129959106445,0.06056825319925944
2966,learned,check,k_word,0.06259605288505554,-0.03550443798303604,0.15857657417654986,16,0.0399629275004069,0.08512735366821289
2966,learned,fit,odd_fraction,0.955178915106667,0.9098858091820801,0.9855588560905897,16,0.952329691886502,0.9754857371530595
2966,learned,fit,k_digit,-0.05105976015329361,-0.2001691609621048,0.10262569412589066,16,-0.08731385072072347,-0.015091896057128906
2966,learned,fit,k_word,0.11902302503585815,-0.17955945804715157,0.3808471374213694,16,0.06235440572102865,0.2236445744832357
2966,random_0,check,odd_fraction,0.953068771464798,0.9133084379498522,0.980357075097534,16,0.9499768738107758,0.9703456368819909
2966,random_0,check,k_digit,0.04474073648452759,-0.1480989158153534,0.26546223089098897,16,-0.03726482391357422,0.09232759475708008
2966,random_0,check,k_word,0.061817467212677,-0.15504639595746994,0.287608243525028,16,-0.004744529724121094,0.13604164123535156
2966,random_0,fit,odd_fraction,0.9594847745489413,0.9247796554878683,0.9844809175553436,16,0.9568498575938433,0.9739034428641886
2966,random_0,fit,k_digit,-0.17870310693979263,-0.32044723629951477,-0.03572299610823395,16,-0.20845433076222739,-0.14816224575042725
2966,random_0,fit,k_word,0.08114054799079895,-0.11018216609954834,0.3008721396327018,16,0.0009854634602864583,0.1346151034037272
2966,random_1,check,odd_fraction,0.947835809074949,0.8942238375222823,0.9797024629102514,16,0.9444354554106699,0.9722934801950447
2966,random_1,check,k_digit,0.07426925003528595,-0.052596116438508034,0.19739661365747446,16,0.046732028325398765,0.10092457135518391
2966,random_1,check,k_word,0.012166798114776611,-0.15076790004968643,0.2028673887252807,16,-0.05520184834798177,0.04209677378336588
2966,random_1,fit,odd_fraction,0.9565769864292831,0.9078556301607811,0.9871953435096948,16,0.953819916881718,0.9765798066202422
2966,random_1,fit,k_digit,0.1552049070596695,-0.030726660043001175,0.3124598879367113,16,0.12042721112569173,0.214157501856486
2966,random_1,fit,k_word,-0.20717643201351166,-0.4423147067427635,0.037160329520702244,16,-0.26145180066426593,-0.14967719713846842
2966,random_2,check,odd_fraction,0.953410274054503,0.921447446048977,0.9774291607399564,16,0.9503559799684516,0.9654382155726048
2966,random_2,check,k_digit,0.007688999176025391,-0.09092958644032478,0.10251924395561204,16,-0.012985865275065104,0.03915627797444662
2966,random_2,check,k_word,-0.0804215669631958,-0.21686144173145294,0.04982464015483855,16,-0.11339982350667317,-0.04253387451171875
2966,random_2,fit,odd_fraction,0.9669911908210005,0.936908325844673,0.9889525742492884,16,0.9648829831940542,0.9779486982200007
2966,random_2,fit,k_digit,0.2708779647946358,0.07430980913341045,0.5403909366577861,16,0.1657178004582723,0.31099915504455566
2966,random_2,fit,k_word,0.1567099243402481,-0.12091672979295254,0.4167309030890465,16,0.11324286460876465,0.24462739626566568
2966,shuffled_labels,check,odd_fraction,0.9503967190634921,0.9190253442039197,0.9747724509646231,16,0.9471518910700867,0.9619399098512489
2966,shuffled_labels,check,k_digit,0.009072944521903992,-0.09543132036924362,0.12033218517899502,16,-0.025480985641479492,0.03282030423482259
2966,shuffled_labels,check,k_word,0.06634742021560669,-0.03523901104927063,0.16858857125043863,16,0.04054705301920573,0.09032090504964192
2966,shuffled_labels,fit,odd_fraction,0.9833788676653833,0.9732746099066033,0.9912169528366847,16,0.9823161894458764,0.986890770005921
2966,shuffled_labels,fit,k_digit,0.06310548633337021,-0.10289426427334547,0.2448106417432427,16,-0.0024765729904174805,0.09924868742624919
2966,shuffled_labels,fit,k_word,-0.08862465620040894,-0.25227973237633705,0.0469715334475038,16,-0.11690457661946614,-0.03081957499186198
28027,approx_spectrum_matched,check,odd_fraction,0.9782108669667395,0.9653751158055834,0.9886319562651399,16,0.9768551610703169,0.9825184561290088
28027,approx_spectrum_matched,check,k_digit,-0.317456666380167,-1.0236670495942235,0.264399277511984,16,-0.42954136927922565,-0.0433310866355896
28027,approx_spectrum_matched,check,k_word,0.8695088326931,0.03315741196274758,1.824082154780626,16,0.5677183469136556,1.0243892669677734
28027,approx_spectrum_matched,fit,odd_fraction,0.961762906542005,0.9219528946947879,0.9861516526438638,16,0.9593199040012196,0.979580451560056
28027,approx_spectrum_matched,fit,k_digit,-0.10816194117069244,-0.49813641235232353,0.3298978321254251,16,-0.2606530984242757,0.006397565205891927
28027,approx_spectrum_matched,fit,k_word,0.7722331210970879,0.0808133976534009,1.4549521263688798,16,0.5740602811177572,0.9754528601964315
28027,leading_pc,check,odd_fraction,0.9570444737892593,0.9180034084144574,0.9834519253810939,16,0.9542052186067503,0.9723889177683899
28027,leading_pc,check,k_digit,-1.6570547595620155,-3.280758997425437,-0.3961256472393886,16,-1.9038289785385132,-1.0537952184677124
28027,leading_pc,check,k_word,0.7730629295110703,-0.23427288979291916,1.818904653191566,16,0.4823346932729085,0.97771684328715
28027,leading_pc,fit,odd_fraction,0.906284692977989,0.8412665995260336,0.9599748919626344,16,0.9001432605864946,0.9288490094548825
28027,leading_pc,fit,k_digit,-0.6022937595844269,-1.5110453590750694,0.1095093786716457,16,-0.709378719329834,-0.2557992935180664
28027,leading_pc,fit,k_word,0.9639263153076172,0.22957706823945045,1.7015954479575155,16,0.7866938908894857,1.0946909586588542
28027,learned,check,odd_fraction,0.9694196550607169,0.9460187375107945,0.9877339740195428,16,0.9674666821354982,0.9765551238035144
28027,learned,check,k_digit,-0.9225415997207165,-1.8589155748486519,-0.03929146332666311,16,-1.155705749988556,-0.6146942575772604
28027,learned,check,k_word,0.04253163933753967,-1.1544928885996342,1.2108920142054558,16,-0.26906728744506836,0.43918689092000324
28027,learned,fit,odd_fraction,0.9719967421748575,0.9516332811029176,0.98646904869088,16,0.970292959036686,0.9805481003084133
28027,learned,fit,k_digit,-1.1012367904186249,-1.5352325048297644,-0.6712744012475017,16,-1.194290320078532,-0.9955843289693197
28027,learned,fit,k_word,0.32743439078330994,-0.4771985113620758,1.1095595546066757,16,0.12522141138712564,0.5680362383524576
28027,random_0,check,odd_fraction,0.9708247328368416,0.9560080372424341,0.984215347015482,16,0.9689064326089668,0.9752654298403083
28027,random_0,check,k_digit,0.33721327781677246,-0.17387705156579614,0.871039868798106,16,0.1372655232747396,0.5004485448201498
28027,random_0,check,k_word,-0.6573069840669632,-1.609523966908455,0.2114278264343737,16,-0.8581022421518961,-0.34101208051045734
28027,random_0,fit,odd_fraction,0.9815450395890216,0.9704052255152753,0.9913269349008232,16,0.9804218288533181,0.9848235167089266
28027,random_0,fit,k_digit,-0.22966600954532623,-0.7262318395078182,0.17739683389663688,16,-0.33447543780008954,-0.06767710049947102
28027,random_0,fit,k_word,0.1950189471244812,-0.32198531553149223,0.7880421355366704,16,0.022856394449869793,0.31977494557698566
28027,random_1,check,odd_fraction,0.9806168780782896,0.9617548721631035,0.9924472293033986,16,0.9793454140522824,0.9889291435822725
28027,random_1,check,k_digit,-0.42823655530810356,-1.276961574330926,0.19598621875047606,16,-0.5271628499031067,-0.0740999976793925
28027,random_1,check,k_word,-0.3163497895002365,-1.94099354557693,0.975665217265486,16,-0.5758980909983317,0.31883517901102704
28027,random_1,fit,odd_fraction,0.9667963297507822,0.9437138616875838,0.9852394412308998,16,0.9647430422832781,0.9752868566536435
28027,random_1,fit,k_digit,-0.06944127380847931,-0.3277222625911236,0.22768392227590045,16,-0.15260775883992514,-0.015999873479207356
28027,random_1,fit,k_word,0.18912740051746368,-0.17793807201087475,0.6030277349054811,16,0.05030035972595215,0.2732535203297933
28027,random_2,check,odd_fraction,0.9834834771422993,0.9746414815827817,0.9912335845263659,16,0.9824252786225356,0.9866456168097387
28027,random_2,check,k_digit,-0.2515646629035473,-0.9366397745907307,0.3878048853948711,16,-0.4128451148668925,-0.03584176301956177
28027,random_2,check,k_word,0.3263447433710098,-0.322881992906332,0.9906481020152568,16,0.17216801643371582,0.46459635098775226
28027,random_2,fit,odd_fraction,0.9514451989507633,0.899217424619999,0.9841566310529978,16,0.9482497943870158,0.9727462551548975
28027,random_2,fit,k_digit,-0.2582371234893799,-0.7790867704898119,0.19001173786818956,16,-0.35177071889241535,-0.06081263224283854
28027,random_2,fit,k_word,0.25532767176628113,-0.2552330493927002,0.7600179873406887,16,0.15140771865844727,0.4211624463399251
28027,shuffled_labels,check,odd_fraction,0.954914944689761,0.9099207715639369,0.9900149243541085,16,0.9519791568974068,0.9688711652270167
28027,shuffled_labels,check,k_digit,0.07919035851955414,-0.3687214688397944,0.5343400873243807,16,-0.04578977823257446,0.1757204532623291
28027,shuffled_labels,check,k_word,-0.41037797927856445,-1.062280498445034,0.2723089419305319,16,-0.600294272104899,-0.21265347798665366
28027,shuffled_labels,fit,odd_fraction,0.9532262893488594,0.9118682023567785,0.9838674312637886,16,0.9501819619850171,0.9705945053833017
28027,shuffled_labels,fit,k_digit,-0.07450766861438751,-0.43641654774546623,0.30909124761819834,16,-0.17766356468200684,0.02687970797220866
28027,shuffled_labels,fit,k_word,-0.23642275482416153,-0.6446793442592025,0.12181922793388325,16,-0.3203799327214559,-0.09571810563405354
