feature_id,direction,calibration,fit_documents,fit_digit,fit_word,mean,low,high,documents,leave_one_out_min,leave_one_out_max
1645,approx_spectrum_matched,pooled,16,-0.395946204662323,1.956753432750702,-5.063967272872505,-10.17385709090185,-0.9671064153518601,16,-6.0338264588251835,-3.4657345254059577
1645,approx_spectrum_matched,fineweb-edu-sample,8,-0.0035315752029418945,2.8691738843917847,-7.056663930748995,-15.185140988890897,0.31676776932608985,8,-9.293065174498237,-3.7659240285885835
1645,approx_spectrum_matched,wikimedia-en,8,-0.7883608341217041,1.0443329811096191,-1.6240570851477862,-6.860364624303172,2.6895853558750566,8,-3.055813255326001,0.5500317468154533
1645,leading_pc,pooled,16,0.16020983457565308,1.8283035606145859,10.224439154127644,-0.19998487805926027,27.071997575027822,16,2.845075217549364,11.806806064110337
1645,leading_pc,fineweb-edu-sample,8,-0.8580312132835388,3.593452274799347,-3.0468815116757573,-19.00679121313725,10.82073944911193,8,-7.065526977640638,2.270924925829033
1645,leading_pc,wikimedia-en,8,1.178450882434845,0.06315484642982483,0.7059589421584587,-6.760983469523975,10.467660293785013,8,-3.9926091452533705,2.6747445872897595
1645,learned,pooled,16,2.284720540046692,-1.5219282358884811,-2.566741320037317,-21.95088850575255,10.455299828955772,16,-4.729025136455366,5.438960781364046
1645,learned,fineweb-edu-sample,8,0.6271973252296448,0.4399418830871582,0.4385564153774901,-3.4978227807708198,3.879786122765182,8,-0.7773753536087293,1.9110326730004927
1645,learned,wikimedia-en,8,3.942243754863739,-3.4837983548641205,-32.01044633558553,-102.04540292087609,14.078649962135845,8,-41.0127068358458,0.9807668050526185
1645,random_0,pooled,16,-1.1612772941589355,0.9712334722280502,2.480944943114223,-3.8333894508860027,8.222579022867063,16,1.0552570685598777,4.940273651309636
1645,random_0,fineweb-edu-sample,8,-1.745767891407013,0.026017427444458008,3.478367993997587,1.033120761412265,6.572787967797086,8,2.495116976431691,4.013726399152268
1645,random_0,wikimedia-en,8,-0.5767866969108582,1.9164495170116425,-2.4023893268262966,-18.804895459548927,10.100676455778238,8,-6.5759251398731795,4.7685869978166595
1645,random_1,pooled,16,0.9969137609004974,-0.21179579198360443,2.8740579860273696,-0.3389111189544893,5.796430658498632,16,2.0167912256393445,4.158826133169336
1645,random_1,fineweb-edu-sample,8,1.7855912446975708,-0.8048638701438904,3.9956584945710665,-7.498387461673386,13.324837385943896,8,0.8315704159433963,8.94334223686122
1645,random_1,wikimedia-en,8,0.20823627710342407,0.3812722861766815,-1.6777310161211778,-4.75986632872163,0.20731527778719588,8,-2.081215026994236,-0.20630471659086322
1645,random_2,pooled,16,0.685863196849823,-0.6583612412214279,-3.7663399933638657,-10.07401547178024,0.3293317094640163,16,-4.3503591123667755,-1.050391983070549
1645,random_2,fineweb-edu-sample,8,0.5979016423225403,-0.012561678886413574,-1.2825698584573166,-2.6585041840554453,-0.11168377719861368,8,-1.713664558141069,-0.7295345678155163
1645,random_2,wikimedia-en,8,0.7738247513771057,-1.3041608035564423,-13.282108474212123,-33.085184293776116,-0.09521567420484038,8,-15.624497611367575,-3.7058741856124664
1645,shuffled_labels,pooled,16,-2.2892840206623077,2.2893883287906647,4.596215113006341,-2.8606951554576923,13.308081269515652,16,1.4165977573467785,6.30284758081264
1645,shuffled_labels,fineweb-edu-sample,8,-1.679345965385437,1.696750521659851,0.19448659244192434,-4.900838871192687,4.338474597187503,8,-0.6594935287714959,2.29972578424942
1645,shuffled_labels,wikimedia-en,8,-2.8992220759391785,2.8820261359214783,11.26035443807516,-4.9725105273665235,28.896013257861245,8,3.70216361206266,16.19374993028222
2966,approx_spectrum_matched,pooled,16,-0.06210245192050934,-0.05782395601272583,0.010069364552237059,-0.004533858345354136,0.024551405487793772,16,0.006180120671814282,0.014832921880689187
2966,approx_spectrum_matched,fineweb-edu-sample,8,-0.09665638208389282,0.07837265729904175,-0.04890974875104703,-0.08168502957373036,-0.014876922814488516,8,-0.058926919558174466,-0.03971385908225449
2966,approx_spectrum_matched,wikimedia-en,8,-0.027548521757125854,-0.1940205693244934,0.02562617715945459,-0.0353861149202106,0.08294106498898939,8,0.0054893830324563376,0.0467042088703581
2966,leading_pc,pooled,16,0.26356615126132965,-0.48888474702835083,-0.07201437025004809,-0.178590536424085,0.05912634870987655,16,-0.12269099034778001,-0.05211972240725763
2966,leading_pc,fineweb-edu-sample,8,0.4513859748840332,-0.6482526659965515,-0.21177021317098088,-0.40818428266309326,0.10210916746855582,8,-0.3598369119141496,-0.17181568069481376
2966,leading_pc,wikimedia-en,8,0.0757463276386261,-0.32951682806015015,-0.005260507328352926,-0.07715798921587025,0.07161258968567394,8,-0.02575469166008323,0.01577764191220846
2966,learned,pooled,16,-0.05105976015329361,0.11902302503585815,-0.0015535624544628368,-0.01867790402811792,0.015903759003092408,16,-0.005934938714525356,0.0014308087418861415
2966,learned,fineweb-edu-sample,8,0.042788684368133545,0.02434849739074707,0.0020048506466086025,-0.008647215202217673,0.011003756891780899,8,-0.0013395683570330671,0.005782556627975666
2966,learned,wikimedia-en,8,-0.14490820467472076,0.21369755268096924,-0.028321367426600852,-0.07865110100008232,0.031517373936217036,8,-0.04880999018827746,-0.015404914109964918
2966,random_0,pooled,16,-0.17870310693979263,0.08114054799079895,-0.022238699930610804,-0.07723315443592531,0.02521788048945664,16,-0.03196170353702079,-0.0015614613467669568
2966,random_0,fineweb-edu-sample,8,-0.1232735812664032,0.05497783422470093,-0.026155952854989284,-0.09251794071754582,0.029800407631841434,8,-0.04142792794033433,0.002117951184472349
2966,random_0,wikimedia-en,8,-0.23413263261318207,0.10730326175689697,-0.008157552496348974,-0.07159331247529044,0.05928860156816096,8,-0.03147548007920759,0.009620389770777029
2966,random_1,pooled,16,0.1552049070596695,-0.20717643201351166,-0.02449904035195516,-0.07727352584569955,0.021650098397732354,16,-0.03151197017746873,-0.0065639239337870565
2966,random_1,fineweb-edu-sample,8,0.2824515104293823,-0.34703314304351807,-0.003167072049059527,-0.08362391466509855,0.060175998928269074,8,-0.01804909805740757,0.028170298506578564
2966,random_1,wikimedia-en,8,0.027958303689956665,-0.06731972098350525,-0.014482656546244144,-0.03856817784031463,0.006130971499929118,8,-0.020054412081368538,-0.005097803621694525
2966,random_2,pooled,16,0.2708779647946358,0.1567099243402481,-0.05948651332502233,-0.09180179015586333,-0.02889879206508656,16,-0.06564809527893785,-0.049520059135308575
2966,random_2,fineweb-edu-sample,8,0.44469907879829407,0.23939460515975952,-0.1626478080343774,-0.24332005329474882,-0.09103038561761317,8,-0.18503484191979241,-0.13069370249026355
2966,random_2,wikimedia-en,8,0.09705685079097748,0.0740252435207367,-0.009928722977461946,-0.026869066370449612,0.00655213721056923,8,-0.014407005805364137,-0.005434794085750126
2966,shuffled_labels,pooled,16,0.06310548633337021,-0.08862465620040894,-0.011225780775867694,-0.020793899668759483,-0.000831830057005521,16,-0.01406253650514458,-0.009212152307155655
2966,shuffled_labels,fineweb-edu-sample,8,0.12680888175964355,-0.018090009689331055,0.0008921068328504589,-0.018775027588180393,0.022141763067473615,8,-0.006906954373521655,0.007722264859312743
2966,shuffled_labels,wikimedia-en,8,-0.0005979090929031372,-0.15915930271148682,-0.0338485177057285,-0.05251507710808678,-0.012730434747684793,8,-0.04279959121412142,-0.02900665804549515
28027,approx_spectrum_matched,pooled,16,-0.10816194117069244,0.7722331210970879,0.4017787495467531,-0.26739608087590705,1.183344248955773,16,0.13907618596617155,0.518328000648592
28027,approx_spectrum_matched,fineweb-edu-sample,8,0.09419769048690796,0.39978325366973877,0.5017190514294836,0.04428591668242943,1.0438180039207274,8,0.33685130945307734,0.6146740128355955
28027,approx_spectrum_matched,wikimedia-en,8,-0.31052157282829285,1.144682988524437,-0.47257446456581964,-1.3869406803503763,0.49071121191587463,8,-0.7546758586809084,-0.23476112051433054
28027,leading_pc,pooled,16,-0.6022937595844269,0.9639263153076172,1.0972535850299616,0.20372314652955884,2.0323333844805136,16,0.8432225449296155,1.3171259316699382
28027,leading_pc,fineweb-edu-sample,8,-0.9099841117858887,1.292891800403595,1.046309056146333,-0.8637293308952354,3.06001286302371,8,0.40678484413057625,1.6749322725321103
28027,leading_pc,wikimedia-en,8,-0.2946034073829651,0.6349608302116394,0.829991960785148,0.08086497828296846,1.6702553501769073,8,0.5366113471905187,0.9987163303264752
28027,learned,pooled,16,-1.1012367904186249,0.32743439078330994,0.3698951973000328,-0.6512119686580273,1.392023215495427,16,0.0774259187550736,0.6508056157974084
28027,learned,fineweb-edu-sample,8,-1.1479631066322327,0.7452070713043213,0.016153324781942535,-1.8276438983055863,1.975202205270471,8,-0.8603621829853364,0.6156374940906915
28027,learned,wikimedia-en,8,-1.054510474205017,-0.09033828973770142,0.09691062388683669,-0.9421987278782074,0.8599081938828744,8,-0.04983651438750236,0.5649394490190941
28027,random_0,pooled,16,-0.22966600954532623,0.1950189471244812,-0.2510231766911925,-0.4782638435880818,-0.06115065154038096,16,-0.29947927829924087,-0.16756934490813158
28027,random_0,fineweb-edu-sample,8,-0.5476325750350952,-0.0919923186302185,-0.22162819891813346,-0.7852612298537426,0.3843167960745905,8,-0.4674266520787729,-0.016820112632075026
28027,random_0,wikimedia-en,8,0.08830055594444275,0.4820302128791809,-0.25708733202359224,-0.6089408151332965,0.09204175644844649,8,-0.37757009192090907,-0.13234669371828664
28027,random_1,pooled,16,-0.06944127380847931,0.18912740051746368,-0.050388753517794885,-0.35978563677747977,0.21021784643393657,16,-0.1240681427527403,0.0634868561196861
28027,random_1,fineweb-edu-sample,8,-0.16414374113082886,0.3998279571533203,-0.1900955374709019,-1.3841580937050741,0.8685556776300002,8,-0.5428182682271867,0.3166444486414822
28027,random_1,wikimedia-en,8,0.02526119351387024,-0.021573156118392944,0.004868438416294585,-0.01888322107013141,0.028271107488375666,8,-0.002676939437974773,0.012541862526701817
28027,random_2,pooled,16,-0.2582371234893799,0.25532767176628113,0.08234886247904252,-0.19616791619384705,0.3593094390937426,16,-0.012724383387230365,0.14757141080651295
28027,random_2,fineweb-edu-sample,8,0.12060999870300293,0.3531649708747864,-0.04510356454989761,-0.313893262628151,0.21503293790026135,8,-0.11085661061735078,0.04376831437359817
28027,random_2,wikimedia-en,8,-0.6370842456817627,0.15749037265777588,0.45795649378232994,-0.0716806287798244,1.0983170682862808,8,0.17737178876447196,0.595352707720233
28027,shuffled_labels,pooled,16,-0.07450766861438751,-0.23642275482416153,0.060398847549682944,-0.0947062923866045,0.21642410254066943,16,0.01208564764252375,0.09962271470695978
28027,shuffled_labels,fineweb-edu-sample,8,-0.12183189392089844,-0.14512985944747925,0.005274311237757345,-0.13234114607796332,0.1370367823938511,8,-0.029237938193554008,0.06543372723417333
28027,shuffled_labels,wikimedia-en,8,-0.027183443307876587,-0.3277156502008438,0.13179500696521035,-0.260403593927913,0.5019580623082806,8,-0.0006344393450575961,0.2683722290362294
