feature_id,calibration,mean,low,high,documents,leave_one_out_min,leave_one_out_max
1645,fineweb-edu-sample,9.340876921395e-06,-5.591455713612522e-05,5.196751093533677e-05,8,-8.71911837224012e-07,3.820729270198841e-05
1645,pooled,-4.0085464576572125e-05,-7.057587913430784e-05,-1.0898524294861218e-05,16,-4.603810982264149e-05,-3.197637119120543e-05
1645,wikimedia-en,8.280846308302093e-07,-1.7326749839042762e-05,2.507099584409432e-05,8,-9.99759470235724e-06,6.3320380820851204e-06
2966,fineweb-edu-sample,7.444590572300673e-08,-3.52420225984002e-07,5.272614790071323e-07,8,-9.354915692776322e-08,2.061680816435758e-07
2966,pooled,-2.416934995878834e-08,-5.132001327307511e-08,1.4033942622952089e-09,16,-3.046979673773849e-08,-1.7919806150799064e-08
2966,wikimedia-en,-1.652315908625815e-07,-3.455270572701081e-07,-1.2879682999138142e-08,8,-2.1516054444075435e-07,-9.463124936257295e-08
28027,fineweb-edu-sample,-2.5179611992237436e-06,-8.719949347176245e-06,4.329608812657154e-06,8,-5.026125644597866e-06,-2.1653049548386378e-07
28027,pooled,-1.9773999812006767e-06,-7.705348106803926e-06,3.4721960688118117e-06,16,-3.0726374672223217e-06,-3.5384286327499864e-09
28027,wikimedia-en,1.7394313285634546e-05,4.046713129651858e-06,3.67013149228694e-05,8,8.970273531713619e-06,2.031857692331362e-05
